aba	4.09
abacate	5.4
abacaxi	5.66
abadia	3.31
abandonado	3.92
abandono	3.42
abate	3.63
abatido	4.16
abelha	6.29
aberração	3.72
abertura	3.44
abóbora	5.75
abolição	2.52
abordagem	3.21
aborrecido	4.03
aborto	4.27
abraço	6.05
abrigado	4.26
abrigo	4.63
abstenção	3.03
absurdo	2.43
abundância	3.87
abundante	3.7
abuso	3.68
abutre	5.91
acácia	3.87
académico	4.45
acampamento	5.44
acanhado	3.25
acção	3.24
aceleração	4.03
acessível	2.84
acesso	3.32
acessório	4.93
acidente	5.52
ácido	4.08
aço	4.48
acolhedor	4.21
acompanhante	4.63
aconchego	4.05
acordeão	6.16
acordo	3.47
acre	2.84
acta	4.46
actividade	4.03
activista	3.76
activo	3.85
acto	3.45
actor	5.7
actriz	5.82
actuação	4.3
actual	2.82
açúcar	6.31
açucena	3.57
acumulação	3.68
acusação	3.08
acusado	3.63
adaptação	2.64
adaptável	2.97
adega	5.18
adepto	5.06
adequado	2.76
adesão	2.78
adeus	4.78
adiamento	2.8
admiração	4.05
admirado	4.07
admirável	3.36
admissão	2.98
adolescência	4.89
adolescente	5.59
adopção	3.9
adoração	3.46
adorável	3.77
adulto	5.64
adversário	4.1
adversidades	2.85
advogado	5.19
aéreo	4.05
aeroporto	6.1
afecto	3.81
afectuoso	3.7
afeição	3.98
afiado	4.76
afinidade	3.25
afirmação	3.48
aflito	4.1
agência	4.23
agenda	5.44
agente	4.63
ágil	3.59
agilidade	3.63
agitação	3.98
agonia	3.52
agradável	4.1
agradecido	4.02
agravamento	2.58
agressão	5.0
agressivo	4.5
agrião	4.27
agricultor	5.78
agricultura	5.1
agrupamento	3.82
água	6.51
águia	5.85
agulha	5.68
aia	3.84
aipo	4.68
ajuda	3.9
alargamento	3.51
alarme	5.05
albatroz	3.31
álbum	5.83
alcachofra	4.86
alcance	3.13
alce	5.0
álcool	5.53
alcoólico	5.08
alcoolismo	4.51
aldeia	5.46
aleatório	3.33
alegre	4.92
alegria	4.75
além	3.57
alemão	4.55
alergia	4.83
alerta	3.74
alface	5.78
alfaiate	5.1
alfarroba	4.14
alfinete	5.97
alho	6.1
aliado	3.7
aliança	6.18
alicate	5.64
alienação	2.82
alimentação	5.1
alimentar	3.85
alimento	6.02
alívio	3.79
alma	3.25
almoço	5.21
almofada	6.34
alojamento	4.73
alperce	5.08
alta	4.66
altar	5.27
alternativa	3.13
alternativo	3.29
altitude	4.6
alto	5.42
altura	4.81
alucinante	3.79
aluguer	3.85
alumínio	5.47
aluno	5.92
alvo	4.92
ama	4.76
amabilidade	3.89
amado	3.84
amante	4.34
amarelo	5.77
amargo	3.81
amável	3.63
âmbar	4.12
ambição	3.35
ambicioso	3.11
ambiente	4.67
ambiguidade	2.86
âmbito	2.49
ambulância	5.92
ameaça	3.71
ameaçador	4.0
ameixa	6.18
amêndoa	5.86
amendoim	5.52
americano	4.94
amigável	3.77
amigo	6.05
amizade	4.55
amnistia	2.98
amor	5.05
amora	6.07
amoroso	4.23
amostra	3.55
amplitude	2.57
amplo	3.63
amuado	4.07
análise	3.46
analista	3.73
ananás	5.39
anão	5.86
anchova	4.35
ancinho	4.32
âncora	5.54
andebol	5.37
andorinha	6.54
anel	6.0
ângulo	4.43
angústia	3.48
angustiado	3.74
angustiante	3.13
animação	4.58
animado	4.45
animal	6.12
ânimo	3.44
aniversário	5.1
anjo	5.92
ano	3.66
anonimato	2.9
anormal	4.1
anseio	3.1
ansiedade	3.87
ansioso	3.91
antecedente	2.73
antena	5.37
anterior	2.31
antigo	3.97
anual	3.21
anulação	2.91
anúncio	4.98
anzol	5.06
apaixonado	5.18
apanhador	4.7
aparelho	5.54
aparência	3.94
aparição	3.44
apartamento	5.98
apático	3.52
apelo	3.21
apertado	3.88
apetite	4.39
apito	6.33
aplauso	5.31
apoiante	3.87
apoio	3.84
aposta	3.98
apreensão	2.67
aprendizagem	3.62
apresentação	3.98
aprisionado	4.69
aprovação	3.05
aproximação	3.63
apuramento	3.37
aquecimento	4.33
ar	4.35
arado	3.79
arame	5.8
aranha	6.24
arara	4.83
arbitragem	4.54
árbitro	6.05
arbusto	5.35
arca	5.78
arco	5.55
areia	6.14
arenque	3.13
arguido	4.63
arma	6.29
armadilha	5.42
armado	5.02
armamento	4.94
armário	5.92
armazém	5.05
arquipélago	5.23
arquitecto	5.67
arquitectura	4.45
arquivo	4.83
arranjo	3.75
arranque	3.34
arrendamento	3.33
arrependido	3.63
arrepio	4.36
arrogante	4.02
arroz	4.92
arrumado	4.27
arte	5.34
artéria	4.73
artesanato	5.3
artesão	5.59
articulação	3.84
artificial	3.65
artigo	4.79
artilharia	4.77
artista	5.22
artístico	4.46
árvore	6.14
ás	5.05
asa	5.52
ascendente	3.71
ascensão	3.49
asilo	3.97
asma	4.15
aspecto	3.86
áspero	4.16
aspirador	5.6
assaltante	4.82
assassínio	4.72
assassino	5.11
assembleia	4.88
assento	4.84
assessor	3.22
assinatura	5.22
assobio	5.2
associação	3.5
associado	2.68
assunto	2.94
assustado	4.4
assustador	4.32
astronauta	6.17
atacante	4.13
ataque	4.23
atenção	3.1
atencioso	3.81
atentado	4.05
atento	3.33
aterrorizado	3.79
atitude	3.56
atlântico	5.02
atleta	5.8
atmosfera	4.66
átomo	4.0
atracção	4.44
atractivo	4.46
atrasado	3.46
atraso	3.1
atrevido	4.2
atribuição	2.8
atum	5.59
audição	4.05
audiência	4.24
audiovisual	3.98
auditoria	3.35
auditório	5.73
aula	5.87
aumento	3.98
ausência	3.24
ausente	3.41
autarca	4.17
autarquia	4.03
autêntico	3.02
autocarro	6.41
automóvel	6.74
autonomia	3.21
autor	4.37
autoria	3.35
autoridade	4.11
autoritário	3.85
autorização	3.57
auxílio	3.85
avalanche	6.14
avaliação	3.89
avanço	3.39
avarento	2.77
avareza	3.21
avaria	4.23
ave	5.51
avelã	5.38
avenida	5.65
avental	5.2
aventura	4.57
avestruz	6.39
aviação	4.82
avião	6.3
avioneta	6.17
aviso	4.17
avô	5.98
azar	3.22
azedo	3.79
azeite	5.59
azeitona	6.5
azul	6.25
azulejo	5.47
bacalhau	5.7
bacia	5.13
bacon	5.37
bagageira	5.05
bagagem	6.0
bagunça	5.21
bailarino	6.02
baile	5.27
bairro	5.18
baixo	4.62
bala	5.82
balança	5.44
balanço	3.69
balão	6.47
balcão	5.48
balde	6.25
baleia	5.75
baliza	6.45
balneário	5.71
baloiço	6.02
bambu	5.06
banal	2.42
banana	6.37
banca	4.63
bancada	5.18
bancário	5.4
banco	5.86
banda	5.57
bandeira	6.4
bando	4.45
bandolim	4.3
banha	4.65
banheira	6.33
banho	5.77
bar	5.79
barata	5.35
barato	3.84
barba	6.1
barco	6.53
barra	4.72
barraca	5.95
barragem	5.46
barreira	4.98
barriga	5.8
barril	5.55
barro	5.08
barulhento	4.38
barulho	4.8
básico	2.29
basquetebol	5.9
bastão	4.44
bastardo	3.13
batalha	5.73
batata	5.56
batedeira	5.85
bateria	5.67
baú	5.93
bêbado	5.42
bebé	6.52
bebida	5.71
beco	4.83
begónia	4.15
beijo	6.34
beleza	5.02
beliche	5.42
beliscão	4.98
belo	4.6
bênção	3.24
benéfico	3.03
benevolente	3.0
bengala	5.95
bengaleiro	5.32
berbequim	4.97
beringela	5.21
besouro	4.59
besta	4.56
betão	4.88
beterraba	5.18
biblioteca	5.74
bicicleta	6.13
bico	4.9
bife	6.18
bigorna	4.25
bilhete	5.73
biografia	3.95
biológico	3.81
biólogo	4.4
biombo	4.65
bisbilhotice	3.71
biscoito	6.17
bisonte	4.82
bispo	5.37
bisturi	5.27
bizarro	2.92
blasfémia	2.81
bloco	4.98
bloqueio	3.62
blusa	6.32
boca	6.69
bocado	3.77
bode	5.26
bofetada	5.84
boi	5.69
boicote	3.59
bola	6.13
bolacha	5.97
boletim	4.79
bolha	5.34
bolo	6.53
bolor	4.85
bolsa	5.31
bolso	5.79
bom	3.81
bomba	6.12
bombardeiro	4.55
bombeiro	6.08
bondade	3.68
boné	6.22
boneco	5.65
bonito	4.97
bónus	3.67
borboleta	6.5
borracha	5.72
bosta	5.03
bota	5.49
botão	6.33
boxe	5.66
braço	6.05
branco	5.3
breve	2.79
brigada	4.72
brilhante	4.98
brilho	4.69
brincadeira	5.03
brinquedo	5.57
brisa	4.16
britânico	4.67
brócolos	5.96
bronze	5.23
brutal	3.77
bruto	4.3
búfalo	5.59
buraco	6.17
burla	3.56
burocracia	3.61
burro	6.39
busca	3.0
bússola	6.03
busto	4.76
cabana	5.4
cabeça	6.25
cabelo	6.13
cabide	5.42
cabra	6.41
caça	4.83
caçadeira	5.78
caçador	6.02
cação	3.6
caçarola	5.21
cacau	5.37
cachecol	5.72
cachimbo	5.73
cacifo	6.19
cacto	5.51
cadáver	5.42
cadeado	5.51
cadeia	5.53
cadeira	5.76
cadeirão	5.26
cadela	6.05
caderno	6.02
café	5.95
cais	4.92
caixa	5.48
caixão	5.45
caixote	5.68
caju	4.95
calcanhar	5.23
calças	6.75
cálcio	3.63
calções	5.98
cálculo	4.49
caldeira	4.92
calendário	5.75
cálice	5.18
calma	3.69
calmo	3.61
calor	4.77
caloroso	4.17
cama	6.37
camada	3.9
camaleão	6.26
câmara	5.76
camarada	4.11
câmbio	2.89
camelo	6.1
camião	5.45
caminho	5.5
camioneta	6.31
camisa	5.95
camisola	6.27
campanha	4.24
campeão	5.31
campeonato	4.85
campo	6.0
camponês	5.31
cana	4.69
canal	4.74
canário	6.07
canção	5.16
cancro	4.42
candeeiro	6.52
candidato	4.26
candidatura	4.15
caneca	5.58
caneta	6.31
canguru	5.61
canhão	5.9
caniche	6.07
cano	4.9
canoa	5.86
cansaço	4.05
cansado	4.23
cansativo	3.65
cântico	4.38
cantiga	4.32
canto	4.45
cantor	6.15
cão	6.13
caos	4.22
capa	5.39
capacete	6.22
capacidade	3.45
capaz	3.36
capela	5.57
capital	4.1
capitalismo	3.5
capitalista	3.66
capitão	5.57
capítulo	4.2
capote	4.47
capricho	3.51
captação	2.63
capuz	5.44
cara	6.03
caracol	5.97
carácter	2.95
caranguejo	5.63
carapau	5.35
caravana	5.4
carbono	3.61
carcaça	4.74
cárcere	3.1
cardeal	4.67
cardíaco	4.21
cardume	5.38
careca	5.97
carência	3.69
careta	5.51
carga	4.31
cargo	3.16
carícia	4.78
caril	4.52
carinho	4.47
carnaval	5.78
carne	6.17
carneiro	6.0
caro	3.51
carocha	5.67
caroço	5.26
carpa	4.78
carpinteiro	5.27
carreira	3.74
carril	4.92
carrinha	6.02
carro	5.57
carroça	6.19
carruagem	5.61
carta	5.63
cartão	5.95
cartaz	5.7
carteira	5.61
carteiro	5.69
casa	6.36
casaco	5.81
casado	4.61
casal	5.5
casamento	6.12
casca	5.42
cascata	5.92
casino	5.92
caso	2.9
cassete	6.17
castanha	5.69
castelo	6.41
castigo	4.1
casual	3.08
catálogo	5.1
catástrofe	5.33
catastrófico	4.39
catatua	4.81
católico	4.6
cauda	5.9
caudal	4.29
caule	4.9
cautela	3.02
cavaleiro	5.57
cavalo	6.14
cavaquinho	5.98
cave	4.92
caveira	5.98
caverna	5.36
cebola	5.7
cedência	2.74
cego	5.34
cegonha	6.2
celebração	4.72
célebre	3.56
célula	4.73
cemitério	5.98
cena	4.28
cenário	4.53
cenoura	5.58
censura	3.56
centímetro	4.78
centopeia	5.39
central	3.89
centro	4.19
céptico	2.77
cerâmica	4.73
cereal	5.75
cerebral	4.71
cérebro	5.95
cereja	5.41
cerimónia	5.18
ceroulas	5.11
certeiro	3.7
certeza	2.89
certificado	4.65
cerveja	5.44
cesto	5.89
céu	6.3
chacina	3.96
chaleira	5.51
chama	6.02
chamada	4.26
chaminé	5.65
chantagem	3.27
chão	5.48
chapa	4.85
chapéu	6.17
charme	4.15
charrete	5.03
charuto	6.27
chave	6.21
chávena	6.15
chefe	4.97
chefia	3.88
chegada	3.68
cheio	4.56
cheiro	4.24
cheiroso	4.57
cheque	5.8
cherne	4.12
chicharro	4.5
chicória	3.49
chicote	6.25
chimpanzé	6.37
chinelo	5.77
chocalho	4.17
chocolate	6.58
choque	4.34
chouriço	5.63
chumbo	4.64
chuva	6.24
cicatriz	6.32
ciclista	5.98
ciclo	3.56
ciclone	5.35
cidadania	3.11
cidadão	4.73
cidade	5.95
ciência	4.08
científico	3.43
cientista	5.69
cigano	5.21
cigarra	5.25
cigarro	6.27
cimeira	3.23
cimento	5.45
cineasta	4.48
cinema	6.23
cinto	6.14
cinzeiro	5.77
cinzento	4.89
cio	3.68
circo	5.7
circuito	4.69
circulação	4.07
círculo	5.42
cirurgia	4.97
cirúrgico	4.61
cisne	5.97
citação	3.45
ciúme	4.2
ciumento	4.0
cívico	3.16
civil	3.32
civilização	4.21
clã	3.76
clandestino	3.49
clareza	3.0
clarinete	5.81
classe	3.44
cláusula	3.23
cliente	4.6
clima	4.53
clímax	4.49
clínica	5.18
clube	4.64
coador	4.92
cobarde	3.63
coberto	4.1
cobertura	4.48
cobra	6.36
cobrança	3.57
cocaína	5.33
coche	4.83
coco	5.51
código	4.55
codorniz	5.08
coelho	5.58
coerente	3.44
coesão	2.61
cofre	5.82
cogumelo	6.1
coiote	4.49
coisa	3.35
coito	4.57
cola	5.16
colaboração	3.13
colagem	4.61
colapso	3.9
colchão	5.44
colecção	4.49
colega	5.03
colégio	5.44
cólera	3.53
colete	5.63
colheita	4.56
colher	5.79
colina	5.75
colisão	4.94
coliseu	5.4
colmeia	5.48
colocação	2.56
colonial	3.38
colóquio	3.67
coluna	5.48
comandante	5.02
comando	5.2
combate	4.77
combinação	3.57
comboio	6.47
combustível	5.18
começo	3.15
comédia	4.66
comemoração	5.05
comentário	4.03
comercial	3.72
comerciante	5.0
comércio	4.65
cometa	5.76
comício	3.71
cómico	4.59
comida	6.22
comissão	3.65
comissário	3.61
cómoda	5.23
compacto	2.93
companheiro	4.92
comparação	2.87
compatível	2.95
compatriota	3.39
competência	2.89
competente	3.53
competição	4.68
competitivo	4.06
completo	3.74
complexidade	3.34
complexo	3.03
complicado	2.93
componente	3.48
composição	4.18
compota	5.32
compra	4.72
compreensão	3.37
comprimento	3.65
comprimido	5.33
compromisso	3.56
comprovativo	4.02
computador	6.59
comum	3.33
comunicação	4.13
comunidade	4.67
comunismo	3.43
comunista	3.97
comunitário	3.65
conceito	2.93
concelho	4.08
concentração	3.06
concentrado	3.63
concerto	5.62
concessão	2.68
concha	6.05
conclusão	3.65
concorrência	3.15
concorrente	4.25
concreto	2.65
concurso	4.11
conde	4.58
condenação	3.84
condição	2.94
condor	3.72
condução	5.07
conduta	3.05
condutor	5.28
conferência	4.24
confiança	3.1
confiante	3.18
confidencial	3.39
conflito	4.69
confortável	4.23
conforto	3.84
confronto	3.63
confusão	3.94
confuso	3.39
congelador	5.93
congresso	4.35
congro	3.63
conhecido	3.52
conhecimento	2.9
cônjuge	4.54
conjunto	3.73
conquista	4.34
consciência	3.08
conselho	3.42
consenso	2.89
consequência	2.85
consideração	3.23
considerável	2.89
consolado	3.28
constituição	3.5
construção	4.87
construtor	5.36
consulado	3.03
consulta	4.23
consultório	5.98
consumo	3.83
conta	4.0
contacto	3.88
contagem	3.43
contaminação	3.59
contenda	2.45
contente	4.98
contestação	3.56
conteúdo	3.75
contexto	3.23
continência	3.8
continente	5.69
continuação	3.15
conto	4.38
contorno	3.6
contradição	3.03
contrário	3.44
contraste	3.97
contratação	3.52
contratempo	2.84
contrato	4.63
controlador	3.39
controlo	3.31
conveniente	2.8
convento	5.83
convergência	3.13
conversa	4.61
convicção	3.65
convicto	2.98
convidado	4.48
convite	4.76
convívio	4.81
cooperação	3.59
coordenação	3.22
cópia	4.62
copo	5.85
cor	5.08
coração	6.47
coragem	3.87
corajoso	3.89
coral	5.08
corda	6.1
cordeiro	5.85
cordel	5.03
coreografia	5.3
corneta	5.83
coro	4.81
coroa	6.29
coronel	5.29
corpo	6.19
corpulento	5.0
correcção	3.52
correcto	3.62
corredor	5.62
correia	4.7
correio	5.88
corrente	4.93
corrida	5.21
corrupção	4.06
corrupto	4.52
corte	4.51
cortejo	5.35
cortesia	2.69
córtex	4.35
cortiça	5.74
coruja	6.07
corvo	5.78
costa	5.03
costas	5.59
costume	2.98
costureiro	5.55
cotovelo	5.93
cotovia	3.62
couve	5.33
coxa	5.32
cozinha	6.05
cozinheiro	5.9
crachá	5.49
crânio	6.27
cratera	5.16
cravo	5.59
crédito	3.39
credor	3.48
crença	3.15
crepe	6.1
crepúsculo	4.34
crescimento	3.87
cretino	3.74
criado	4.6
criador	3.66
criança	6.28
criatividade	3.3
criatura	4.95
crime	4.75
criminal	4.29
criminoso	4.83
crise	4.61
crista	4.92
cristal	5.63
cristaleira	4.23
cristianismo	3.71
critério	2.8
crítica	3.81
crítico	3.19
crocodilo	6.46
crónica	4.02
cronómetro	5.28
croquete	6.07
crosta	4.74
crucial	2.73
cruel	3.57
cruzamento	4.98
cruzeiro	6.03
cuco	5.64
cuidado	3.6
cuidadoso	3.61
culpa	3.67
culpado	3.68
culto	4.31
cultura	3.97
cultural	3.59
cumplicidade	3.37
cunha	4.07
cupão	4.95
cúpula	4.32
cura	3.42
curioso	3.79
currículo	4.49
curso	4.32
curto	3.92
curva	5.52
custo	3.32
cutelo	4.19
dado	5.33
dália	4.91
dama	4.98
damasco	4.69
dança	5.66
dano	4.17
data	4.22
debate	4.56
débil	3.85
década	3.17
decadência	3.4
decente	3.51
decisão	3.45
decisivo	3.29
declaração	4.03
declínio	3.74
declive	4.48
decoração	4.75
decreto	3.19
decurso	2.39
dedal	5.28
dedicado	3.73
dedo	6.11
defeito	3.46
defensivo	3.67
defensor	3.47
defesa	3.51
défice	3.36
deficiência	4.65
deficiente	5.21
definição	3.11
degradação	3.95
delegação	3.16
delegado	4.39
deleite	3.14
delgado	3.82
delicado	3.84
delicioso	4.29
delírio	3.89
delito	3.54
demente	3.79
demissão	3.32
democracia	3.64
democrata	3.53
demolição	4.92
demónio	5.0
demonstração	3.39
demora	3.43
densidade	3.02
denso	3.08
dente	6.31
dentista	5.59
denúncia	3.06
departamento	3.77
dependência	3.44
dependente	3.44
depoimento	3.59
depósito	4.31
depressão	4.25
deprimido	3.84
deputado	5.38
derrota	3.76
derrotado	3.98
desafio	4.19
desagradável	3.9
desajeitado	3.86
desanimado	3.52
desastre	4.73
desastroso	3.53
desavença	3.25
descanso	4.1
descarado	3.52
descarga	3.83
descida	5.1
desconfiado	3.13
desconfiança	3.17
descontente	3.92
desconto	4.16
descontraído	4.23
descrição	3.31
desculpa	3.61
desdém	2.49
desdenhoso	2.34
desejo	4.1
desempenho	3.24
desemprego	4.23
desenhador	4.97
desenho	5.63
deserto	5.85
desertor	2.91
desesperado	4.1
desespero	4.34
desfavorável	2.95
desfecho	3.27
desfiladeiro	4.56
desfile	5.63
desgaste	3.15
desgosto	3.64
desgraça	4.05
designação	2.69
desigualdade	3.21
desilusão	3.29
desleal	2.59
deslocação	3.61
desocupado	3.25
desordenado	3.52
despedida	4.23
despedimento	3.72
desperdício	3.48
despesa	3.77
despido	5.35
desportivo	4.94
desporto	5.37
desprezo	3.66
destemido	3.77
destino	3.44
destreza	3.23
destruição	4.56
desvantagem	2.78
desvio	3.62
detalhe	3.25
detenção	3.68
detido	4.03
deus	4.15
dever	3.05
devoção	3.44
dia	5.37
diabo	5.76
diálogo	4.41
diamante	5.69
diário	5.48
dica	3.02
diferença	3.53
diferente	3.47
difícil	3.05
dificuldade	3.65
difusão	2.48
dígito	5.13
dignidade	3.36
digno	3.1
dilúvio	4.76
dimensão	2.97
dinâmica	3.43
dinâmico	3.16
dinamismo	2.84
dinastia	3.58
dinheiro	6.51
dinossauro	6.34
diocese	3.79
dióspiro	5.58
diploma	5.42
diplomacia	2.54
diplomata	4.35
direcção	3.82
directo	3.54
director	4.55
direita	4.15
direito	4.11
dirigente	4.21
disciplina	3.9
discípulo	4.15
disco	6.31
discoteca	6.19
discreto	2.9
discurso	4.1
discussão	4.22
disforme	3.4
disparate	3.61
disparo	5.22
disponível	3.1
disposição	2.88
dispositivo	4.32
disputa	3.8
dissidente	2.83
distância	4.57
distante	3.82
distinção	3.03
distinto	2.77
distribuição	3.39
distrito	4.08
ditado	3.76
ditador	4.33
ditadura	3.9
ditongo	3.48
divã	5.0
divergência	3.33
diversão	5.12
diversidade	4.0
divertido	4.4
dívida	3.85
divino	3.98
divisa	3.41
divisão	3.63
divórcio	4.41
divulgação	2.54
doce	5.15
docente	5.35
documento	5.26
doença	4.76
doente	5.15
dogma	3.0
doido	4.46
dólar	6.19
doloroso	4.0
dom	3.08
domicílio	4.49
dominado	3.13
dominante	3.48
domingo	4.2
domínio	3.28
doninha	5.5
dono	4.05
dor	4.15
dose	3.23
dourada	5.16
dourado	5.26
doutor	5.9
doutrina	3.29
dragão	5.53
drama	3.76
dramático	4.2
droga	5.44
drogado	5.54
dromedário	5.27
dúbio	2.35
duelo	4.24
dueto	5.03
duque	4.7
duração	3.3
duro	4.1
dúvida	3.49
duvidoso	3.39
dúzia	4.31
ecológico	3.87
económico	3.58
economista	4.62
ecossistema	4.27
ecrã	5.87
edição	3.23
edifício	6.05
editor	4.15
editora	4.23
edredão	6.32
educação	3.98
educado	3.89
educador	4.82
educativo	3.5
efectivo	3.05
efeito	3.1
eficácia	3.3
eficaz	3.51
eficiência	3.34
eficiente	3.61
ego	3.81
egoísta	3.81
eixo	4.0
electricista	6.02
eléctrico	4.69
elefante	6.25
elegante	4.64
eleição	3.79
eleitor	4.45
eleitorado	3.5
eleitoral	3.08
elemento	3.49
elenco	4.26
elevação	4.06
elevador	5.95
elite	3.73
elogio	3.57
embaixada	4.43
embaixador	4.16
embalagem	5.24
embaraçado	3.74
embarcação	5.55
embargo	2.26
embate	4.56
embraiagem	5.26
embrião	5.31
emergência	4.64
emigração	4.18
emissão	3.3
emoção	3.81
emocional	3.67
empate	4.11
empenhado	4.18
empenho	3.52
empregado	5.43
emprego	4.45
empreitada	3.61
empresa	4.95
empresário	4.81
empréstimo	3.51
encanto	3.9
encargo	2.68
encéfalo	4.76
encenação	4.23
encenador	4.45
encerramento	3.71
encontro	4.19
endereço	4.1
endinheirado	4.14
energia	3.97
enérgico	3.95
enfadonho	3.13
enfarte	4.03
enfermagem	4.7
enfermaria	5.17
enfermeiro	6.12
enfermidade	3.18
enferrujado	4.9
enfurecido	4.32
engano	2.58
engenheiro	5.06
engenho	4.16
engraçado	4.21
engrenagem	3.66
enguia	5.86
enjoado	4.03
enorme	4.62
ensaio	4.16
enseada	3.49
ensinamento	3.87
ensino	3.57
entediante	3.3
entendimento	3.39
enterro	4.86
entidade	3.16
entrada	4.71
entrega	3.75
entrevista	4.78
entusiasmado	4.03
entusiasmo	4.5
envelope	6.32
envergonhado	4.72
envio	3.75
enxada	5.56
enxame	5.39
enxaqueca	3.8
epidemia	3.93
episódio	4.55
época	3.39
equilíbrio	4.03
equipa	5.52
equipamento	4.67
equívoco	2.83
erótico	5.07
errado	3.35
erro	3.69
erudito	2.57
esboço	4.62
escada	5.76
escala	4.25
escalada	5.1
escalão	2.6
escândalo	3.73
escanzelado	3.86
escaravelho	5.11
escasso	3.11
escavação	4.83
escoamento	3.73
escola	6.19
escolar	4.54
escolha	3.18
escolta	4.03
escorbuto	3.41
escorpião	6.0
escotilha	3.77
escova	5.98
escravidão	4.8
escravo	5.4
escrita	5.32
escritor	5.49
escritório	5.39
escriturário	3.68
escrivaninha	5.15
escudo	5.03
escultor	4.9
escultura	5.92
escumalha	3.39
escuro	6.0
esfera	5.79
esfomeado	4.92
esforço	3.98
esgoto	5.53
esmagador	3.75
esófago	4.92
espacial	4.46
espaço	4.56
espada	6.17
espadarte	4.6
espanador	5.3
espanhol	4.32
espantado	4.1
espanto	3.98
espantoso	3.37
espargo	4.97
esparguete	6.24
especial	3.68
espécie	3.82
espectacular	3.76
espectáculo	5.48
espectador	4.78
especulação	3.0
espelho	6.15
espera	3.56
esperança	3.41
esperto	4.23
espesso	4.18
espinafre	5.27
espingarda	5.69
espinho	5.34
espírito	3.37
espirituoso	3.16
esplanada	6.2
esponja	5.4
espora	3.84
esposa	5.07
esposo	5.02
espuma	5.72
esquadra	5.08
esquecimento	3.22
esquelético	5.11
esquema	4.37
esquilo	6.33
esquina	4.92
esquisito	3.85
essência	3.23
essencial	2.97
estábulo	5.59
estaca	4.97
estação	5.55
estádio	5.97
estado	3.92
estágio	4.1
estagnado	3.24
estaladiço	4.67
estaleiro	4.76
estante	5.92
estatal	2.66
estatística	3.57
estátua	5.7
estatuto	3.07
estável	3.15
esterco	4.3
esteróide	4.18
estética	4.34
estilo	4.18
estimativa	2.94
estímulo	3.61
estômago	5.68
estrada	6.22
estrago	3.92
estrangeiro	4.18
estranho	3.25
estratagema	3.11
estratégia	3.27
estreia	4.29
estrela	6.37
estridente	3.75
estrondo	4.39
estrume	4.95
estrutura	4.21
estudante	6.19
estúdio	5.17
estudo	4.37
estúpido	3.73
esturjão	2.97
etapa	3.25
eterno	3.24
ética	2.87
ético	3.23
etnia	4.3
étnico	3.59
eucalipto	5.61
eufórico	4.54
europeu	4.31
evento	4.62
eventual	2.87
evidência	2.55
evidente	3.13
evolução	4.15
exacto	2.84
exame	5.49
excelência	3.67
excelente	3.73
excepção	2.63
excepcional	3.16
excessivo	3.81
excesso	3.9
excitação	4.15
excitado	4.61
exclusão	3.55
excremento	4.6
excursão	4.6
execução	3.55
executivo	4.28
exemplar	3.37
exemplo	3.1
exercício	5.11
exército	6.29
exibição	3.32
exigência	3.35
exílio	3.31
existência	3.15
existente	2.84
êxito	3.97
expansão	3.07
expectativa	3.16
experiência	3.44
explicação	3.27
exploração	3.81
explosão	6.0
explosivo	5.0
exportação	3.27
exposição	4.18
expressão	4.0
expressivo	3.95
expresso	4.07
expulsão	3.89
êxtase	3.97
extensão	3.79
extenso	3.75
exterior	4.44
externo	3.21
extinção	3.4
extremidade	3.57
fã	5.05
fábrica	5.84
fabricante	4.1
fabrico	3.68
fábula	4.19
fabuloso	3.92
faca	6.03
face	5.73
fachada	4.5
facial	4.78
fácil	3.24
facilidade	3.67
facto	2.57
factor	2.64
factura	5.16
faculdade	6.1
fadiga	3.72
fado	5.22
faia	3.2
faisão	4.67
faísca	5.39
faixa	4.6
falcão	5.52
falência	3.32
falha	3.26
falhado	3.37
falhanço	3.52
falido	3.93
falso	3.49
falta	3.2
fama	4.32
família	6.16
familiar	5.11
faminto	3.85
famoso	4.79
faneca	5.1
fantasia	4.27
fantasma	5.15
fantástico	3.74
fardo	4.15
farinha	5.68
farmacêutico	5.65
farmácia	5.75
faro	3.68
farol	6.07
farolim	4.09
fascismo	3.55
fase	3.13
fatal	3.92
fatia	5.42
fatigado	4.06
fato	5.52
favela	5.3
favor	3.44
favorito	3.26
fé	3.85
febre	4.3
fechado	4.37
fecho	4.83
federação	3.14
federal	2.98
fedor	3.69
fedorento	4.33
feijão	5.49
feio	4.9
feira	5.81
feitiço	4.39
felicidade	5.06
felino	5.8
feliz	5.05
feminino	5.06
fenda	4.59
feno	4.56
fenómeno	3.43
feriado	4.39
férias	5.59
ferida	5.02
ferido	4.74
ferimento	5.13
feroz	4.19
ferramenta	5.53
ferro	5.39
festa	5.67
festival	5.75
festivo	4.69
fétido	3.31
fiança	3.05
fibra	3.71
ficção	4.29
ficha	5.32
ficheiro	4.84
fidelidade	3.47
fiel	3.77
figo	6.21
figura	4.93
figurino	4.15
fila	4.85
filho	5.66
filme	6.14
filosofia	3.56
filtro	5.03
fim	3.56
final	3.25
finalidade	3.18
finança	3.34
financeiro	3.74
fino	4.85
fio	5.44
firma	4.45
firmamento	2.9
firme	3.77
fiscal	3.67
fiscalização	3.54
fisco	3.35
físico	4.52
fita	5.53
fixação	2.7
flácido	4.44
flamingo	5.62
flauta	5.84
flecha	6.05
flexível	3.87
flor	6.34
floresta	6.36
florestal	5.41
fluxo	3.56
foca	5.53
foco	3.57
fogão	5.83
fogo	6.06
foguetão	5.98
foguete	5.95
fôlego	4.02
folha	5.97
folheto	5.29
folho	4.25
fome	4.18
fonte	5.57
força	4.84
forçado	3.37
forma	3.63
formação	3.58
formal	3.4
formato	3.27
formiga	5.89
formoso	4.08
fórmula	4.27
fornecimento	3.17
forno	5.36
forte	4.69
fortuna	5.0
fórum	4.3
fotografia	6.16
fotográfico	4.8
fotógrafo	6.24
fracasso	3.28
fraco	3.31
fragância	4.84
frágil	3.7
fragmento	4.03
francês	4.24
franco	3.27
franja	5.44
fraqueza	3.79
frasco	5.59
frase	4.98
fraude	3.57
freira	6.0
frenético	3.23
frente	4.37
frequência	3.36
frequente	3.13
fresco	4.21
frigideira	5.47
frigorífico	6.37
frio	4.84
fronteira	4.43
frota	4.66
frouxo	3.32
frustração	3.55
frustrado	3.5
fruta	6.25
fruto	5.96
fuga	3.94
fugidio	2.92
fumo	6.22
funcionário	5.13
fundação	3.41
fundamental	2.77
fundamento	2.39
fundo	4.35
funeral	5.19
fungo	4.94
funil	5.13
furacão	5.45
furão	4.72
furgão	3.78
fúria	4.16
furioso	4.45
furto	4.43
fusão	3.8
futebol	6.17
futebolista	6.56
futuro	3.67
fuzil	3.33
gado	6.02
gafanhoto	5.51
gaio	4.05
gaiola	6.05
gaivota	6.03
gala	4.78
galé	2.97
galeria	4.82
galinha	6.45
galinhola	4.45
galo	5.97
gama	2.46
gancho	5.48
ganga	6.07
gangrena	3.59
ganho	3.78
ganso	6.08
garantia	3.2
garfo	4.89
garganta	5.3
garnisé	4.22
garoupa	3.94
garrafa	6.03
gasolina	4.98
gasto	3.28
gástrico	3.41
gato	6.42
gatuno	4.41
gaveta	5.37
gavião	4.38
gazela	6.09
gel	5.37
gelado	6.27
gelatina	6.16
geleia	5.29
geleira	5.07
gelo	5.93
gémeo	5.29
gene	4.2
género	3.48
generoso	3.9
genial	3.45
génio	4.71
gente	5.27
gentil	3.83
genuíno	3.26
geração	3.64
geral	2.6
germes	4.54
gestão	3.19
gesto	4.8
gestor	4.21
gigante	5.66
ginasta	5.17
ginja	4.88
girafa	5.62
girassol	5.92
giro	4.81
giz	5.55
glaciar	5.19
global	3.84
glória	4.1
goiaba	5.28
golfe	5.27
golfinho	6.38
golo	5.95
golpe	4.63
goraz	3.0
gordo	5.88
gordura	4.56
gorila	5.48
gótico	5.02
governação	3.59
governador	4.55
governante	4.52
governo	4.53
gozo	3.71
graça	3.52
gráfico	6.09
gralha	3.85
granada	5.61
grande	4.6
grandeza	4.09
grandioso	3.76
granito	5.75
grão	5.75
gratidão	3.65
grato	3.07
gratuito	3.84
grau	3.26
gravata	5.56
grave	3.61
gravidade	3.73
gravidez	5.83
gravilha	4.14
gravura	4.65
graxa	4.42
grelha	4.67
grelhador	6.07
greve	4.59
grilo	5.86
grito	5.23
groselha	5.38
grosseiro	3.62
grosso	4.81
grupo	5.75
guarda	5.23
guerra	5.62
guerrilha	4.33
gueto	4.37
guia	4.27
guião	4.77
guilhotina	5.23
guincho	3.76
guitarra	5.92
guloso	4.76
habilidade	3.25
habilidoso	3.89
habitação	5.84
habitante	4.6
hábito	3.2
habitual	3.11
hambúrguer	6.19
harpa	5.4
haxixe	4.72
helicóptero	6.03
herança	3.76
herdeiro	3.54
hereditário	3.26
hérnia	3.49
herói	5.13
heróico	3.79
heroína	4.89
hesitante	3.4
hidroavião	4.4
hiena	5.56
hierarquia	4.15
higiene	4.73
higiénico	4.11
hino	4.35
hipocrisia	2.9
hipopótamo	6.33
hipótese	3.02
história	3.93
histórico	3.79
homem	6.3
homenagem	4.19
homicida	4.55
homicídio	4.94
honesto	3.33
honra	3.63
hóquei	5.93
hora	4.45
horário	4.44
horizontal	4.44
horizonte	5.27
horror	4.31
horta	6.05
hortaliça	5.24
hortelã	5.2
hospedeiro	5.16
hospital	6.48
hostil	3.7
hostilidade	3.03
hotel	6.24
humanidade	4.1
humanitário	3.81
humano	5.81
humidade	4.73
húmido	4.32
humilde	3.11
humor	4.07
humorístico	4.19
iate	6.05
idade	4.05
ideal	3.46
ideia	3.53
identidade	3.92
ideologia	3.17
idiota	4.37
ídolo	4.42
idoso	5.54
ignorância	3.35
igreja	5.92
igual	3.13
igualdade	3.87
iguana	5.21
iguaria	4.52
ilegal	4.03
ilha	5.92
ilícito	3.14
ilimitado	2.95
ilusão	3.21
ilustre	3.13
imagem	5.35
imaturo	2.9
imbecil	3.43
imediato	3.35
imenso	3.77
imigrante	4.63
iminente	3.2
imoral	3.18
imortal	3.66
imóvel	4.63
impaciente	3.79
impacto	4.1
imparável	3.66
imparcial	2.44
impensável	3.3
imperador	5.33
imperativo	2.44
imperdoável	2.77
império	4.82
importação	3.16
importância	3.28
importante	3.26
impossível	3.0
imposto	3.73
impostor	3.24
impotente	3.52
impraticável	2.73
imprensa	4.43
impressão	4.37
imprevisto	3.11
imprudente	3.19
impulso	3.7
imundice	4.39
imundo	4.43
imunidade	3.32
inato	2.62
inauguração	4.03
incapaz	3.17
incêndio	6.14
incentivo	3.35
incerteza	3.39
incessante	2.47
inchaço	5.38
incidência	2.46
inclinação	3.92
inclinado	4.33
incoerente	2.89
incómodo	3.26
incompetente	3.05
incompleto	3.1
inconsciente	3.52
inconstante	3.18
incorrecto	3.4
incrível	3.73
indefeso	3.63
indemnização	3.61
independente	3.59
indicação	3.57
indicador	4.12
índice	3.95
indício	2.73
indiferença	3.02
indiferente	2.46
índio	5.55
indiscreto	3.39
indivíduo	5.77
indolente	2.34
indústria	4.63
industrial	4.66
infalível	2.84
infância	5.11
infantário	5.97
infante	3.66
infecção	4.18
infeliz	4.16
inferior	3.24
inferno	5.0
infiel	3.33
inflamado	4.11
influência	3.46
informação	3.59
ingénuo	3.58
íngreme	4.26
início	3.21
inimigo	3.77
injusto	3.17
inocência	3.75
inocente	3.53
inovação	3.38
inquérito	4.72
inquieto	3.42
insecto	5.92
inseguro	3.46
insípido	2.93
insolente	2.98
inspecção	4.22
inspiração	4.0
inspirado	3.57
instalação	3.78
instantâneo	3.38
instável	3.0
instituição	4.65
instituto	4.4
instrução	3.27
insucesso	3.33
insuficiente	2.9
insulto	3.95
intelecto	2.97
intelectual	3.71
inteligência	4.0
intenção	3.06
intensidade	3.13
intensivo	3.24
intenso	3.38
interesse	2.98
interesseiro	3.52
interior	3.69
interlocutor	4.05
intermédio	3.33
interminável	3.27
interno	3.07
intérprete	4.0
intervalo	3.61
intervenção	3.52
intestino	5.07
íntimo	4.56
intrometido	3.56
intruso	4.16
inundação	5.54
inútil	2.97
invasão	4.33
invasor	3.61
inveja	3.06
inverno	5.85
investigação	4.05
investimento	3.8
invulgar	3.24
ioga	5.43
iogurte	5.57
ira	3.81
irmão	5.33
ironia	3.63
irónico	3.4
irritado	4.45
isco	4.93
isenção	2.23
isqueiro	5.62
italiano	4.77
item	3.87
itinerário	4.4
jaguar	5.34
janela	6.38
jangada	5.53
jantar	5.57
jardim	6.25
jardineiro	5.92
jarro	5.48
javali	6.15
jazz	4.79
jeito	2.92
jipe	6.12
joaninha	6.08
joelho	6.19
jogada	4.26
jogador	5.66
jogo	5.87
jóia	6.08
jornada	3.35
jornal	6.29
jornalista	5.37
jovem	5.3
jovial	3.08
judaico	3.75
judeu	4.61
juiz	5.52
juízo	3.85
junta	3.44
júri	5.59
jurista	4.28
juro	3.21
justiça	3.69
justificação	2.77
justo	3.43
juvenil	4.4
juventude	4.55
kiwi	5.75
labareda	5.88
lábio	6.46
laboral	3.33
laboratório	5.87
laço	5.6
lacuna	3.26
lado	3.61
ladrão	5.75
lagartixa	5.44
lagarto	5.98
lago	5.92
lagoa	5.9
lagosta	5.24
lagostim	5.29
lágrima	6.43
lama	5.58
lamacento	4.75
lamentável	3.07
lâmina	5.78
lâmpada	6.37
lampreia	5.3
lança	5.08
lançamento	3.86
lancha	4.97
lanterna	6.46
lápis	6.34
lar	5.38
laranja	6.38
lareira	6.42
largo	4.27
largura	3.77
larva	5.68
lascivo	2.5
lata	6.27
lateral	3.29
lazer	4.18
leal	3.77
lealdade	3.55
leão	5.61
lebre	6.14
lectivo	3.19
legal	3.5
legenda	4.66
legião	3.95
legislação	3.38
legislativo	2.79
lei	4.15
leilão	4.31
leite	5.91
leitor	4.48
leitura	4.85
lenço	6.0
lenda	3.51
lento	3.61
leopardo	6.47
lepra	3.85
lesão	5.1
lésbica	5.08
lesma	6.07
letra	5.85
levedura	3.77
libélula	5.23
liberal	3.56
liberdade	4.08
libertação	4.02
libertador	3.19
libra	4.43
licença	3.8
licenciado	4.13
licor	5.89
líder	4.73
liderança	3.58
liga	4.1
ligação	3.87
ligadura	5.44
ligeiro	3.48
lima	5.77
limão	6.22
limitação	3.27
limite	3.71
limpeza	5.1
lince	5.4
lindo	4.7
língua	5.8
linguado	4.9
linguagem	3.85
linha	4.76
líquido	5.57
lírio	5.0
liso	4.81
lista	4.85
literário	3.56
litoral	4.94
litro	4.31
livraria	5.63
livre	4.06
livro	6.44
lixeira	5.5
lixo	5.97
lobo	5.74
local	4.5
localidade	4.17
localização	3.95
lodo	4.89
lógico	3.13
loiro	5.56
loja	5.58
longo	4.42
lontra	5.95
lotaria	4.9
louco	4.5
loucura	4.4
lua	6.6
lúcido	3.45
lucrativo	3.94
lucro	4.26
lúdico	3.33
lugar	4.1
lula	5.46
lume	5.77
luminoso	5.08
luta	5.65
luva	6.12
luxo	4.6
luz	5.44
maçã	6.57
macaco	6.12
maçaneta	6.28
maçarico	4.61
machado	5.7
macho	4.77
maciço	3.43
macio	4.24
madeira	6.03
madrugada	4.58
mãe	6.53
maestro	5.6
mágico	5.05
magistral	3.02
magnético	3.85
magnífico	3.68
magro	5.06
maionese	5.62
maior	4.13
mala	5.97
malabarismo	5.31
malandro	4.53
malária	4.25
maldito	2.7
malévolo	3.08
malícia	3.05
malicioso	3.48
malmequer	6.44
maluco	4.8
malvado	3.98
mama	6.07
mamilo	6.2
mancha	5.03
mandatário	3.25
mandato	2.89
mandrião	3.82
maneira	2.89
manequim	5.87
manga	5.83
manhã	4.97
manhoso	3.55
maníaco	3.87
manifestação	5.64
manifesto	3.77
manobra	4.18
mansão	5.96
manso	3.67
manteiga	5.63
manual	5.19
mão	6.23
mapa	5.88
maqueta	4.49
máquina	6.15
mar	6.45
maracujá	5.61
maravilhado	3.82
marca	4.35
marcador	5.08
marceneiro	4.47
marcha	4.69
maré	5.36
margem	4.47
maricas	4.37
marido	4.84
marmelo	5.81
marmota	4.33
marreta	4.85
martelo	5.69
máscara	5.9
mascote	4.87
massa	5.5
massacre	4.93
mastro	4.66
mata	5.03
matemática	5.15
matéria	3.65
material	4.43
matraca	3.66
matriz	3.84
mau	3.62
máximo	3.24
mecânico	5.48
mecanismo	3.78
medalha	5.92
média	3.45
mediano	2.6
medicina	4.61
médico	6.05
medida	3.71
médio	3.25
medo	4.25
medonho	3.84
medroso	3.76
megalómano	3.33
meia	6.08
meio	3.31
mel	5.92
melancia	5.93
melancolia	3.75
melão	6.38
melga	5.88
melhor	3.41
melhoria	3.02
meloa	5.6
melodia	4.44
melódico	3.57
melro	5.49
membro	4.61
memória	3.73
mendigo	5.6
menino	6.31
menor	3.68
mensal	3.8
mental	3.3
mentalidade	3.35
mente	4.03
mentira	3.48
mentiroso	4.0
mercado	5.48
mercadoria	4.82
merenda	5.37
mergulhador	5.24
mérito	3.52
mês	3.32
mesa	6.42
mesquinho	3.21
mestre	4.5
meta	5.08
metade	4.15
metal	5.19
método	3.28
metralhadora	5.97
metro	5.33
milagre	3.54
milénio	3.16
milhafre	4.04
milhão	3.7
milhar	3.52
milho	5.9
milícia	3.52
milionário	5.13
militar	5.41
mina	5.21
minhoca	5.97
mínimo	3.05
ministério	4.15
ministro	4.89
minoria	3.17
minucioso	2.82
minúsculo	4.61
minuto	3.81
miolo	5.19
miséria	4.39
missão	3.95
míssil	5.7
mistério	4.2
misterioso	3.51
místico	3.51
mistura	3.61
mítico	3.02
mito	3.38
miúdo	6.21
mobiliário	5.65
mobilidade	4.08
mochila	6.32
mocho	5.5
moda	4.87
modelo	4.63
moderado	2.85
moderno	3.66
modesto	3.54
modificação	3.39
modo	2.61
módulo	3.25
moeda	6.09
moinho	6.1
mola	5.55
molde	4.42
moldura	6.28
molécula	4.26
momento	3.45
monarquia	4.26
monstro	5.11
montanha	5.92
montante	3.66
monte	5.6
moral	3.26
morango	6.2
mórbido	3.44
morcego	5.93
mordomo	5.58
moreia	4.06
morgue	5.07
morsa	4.57
mortal	3.75
morte	4.56
morto	5.3
mosca	5.23
mosquito	6.04
mostarda	5.7
mostra	2.58
mota	5.95
motim	4.66
motivo	3.08
motocicleta	6.24
motor	6.03
motorista	5.82
motorizada	5.61
móvel	5.9
movimentado	4.18
movimento	4.4
muco	4.32
mudança	3.74
muleta	5.76
mulher	6.21
multa	5.2
multidão	5.73
múmia	5.43
mundial	4.42
mundo	6.4
municipal	3.23
munícipe	3.98
município	4.1
muralha	6.07
murmúrio	4.19
muro	6.2
musculado	6.02
músculo	5.05
museu	5.78
musgo	5.19
música	5.48
músico	6.12
mutação	3.37
nabiça	5.26
nabo	5.54
nacional	4.05
naco	4.8
nadador	5.75
namorado	5.59
namoro	5.03
narciso	3.76
narcótico	3.71
nariz	6.05
nascimento	5.19
natal	6.0
natural	3.52
natureza	5.89
náusea	3.84
navalha	5.52
nave	6.2
navio	6.18
neblina	5.03
necessário	2.9
necessidade	2.9
néctar	4.61
negativo	3.65
negligência	2.79
negociação	3.85
negociante	3.98
negócio	4.13
negro	5.97
néon	4.29
nervoso	3.84
neurótico	3.75
neutrão	3.47
neutro	3.15
neve	5.95
nevoeiro	5.78
ninho	5.88
níquel	3.74
nítido	3.75
nível	3.34
nó	5.49
noção	2.97
noite	6.28
noiva	6.59
nome	4.21
nomeação	3.13
norma	2.77
normal	3.03
norte	4.68
nota	5.5
notável	3.25
notícia	5.03
novela	5.14
novo	4.05
nu	5.9
nublado	5.19
nuclear	4.08
núcleo	3.97
nulo	2.94
numerário	3.51
número	5.58
numeroso	4.33
nupcial	4.13
nuvem	6.47
obediência	3.47
obesidade	5.57
obeso	6.02
objectivo	3.58
objecto	5.02
obra	5.11
obsceno	3.44
obscuro	3.92
observação	3.34
observador	3.67
observável	3.6
obsessão	3.21
obstáculo	4.52
óbvio	2.74
ocasião	2.89
ocaso	2.09
oceano	6.36
ocidental	3.46
oco	4.0
óculos	6.46
oculto	3.38
ocupação	3.19
ocupado	3.31
ocupante	3.53
ódio	3.76
ofegante	3.9
ofensivo	3.32
oferta	4.32
oficial	3.98
oficina	5.53
ofício	3.48
oficioso	2.43
óleo	5.37
olho	6.28
ombro	6.05
onça	3.91
onda	5.75
ondulante	4.47
opção	3.33
operador	3.93
opinião	3.15
oportunidade	3.61
oposição	3.16
opositor	3.14
oposto	3.06
óptica	3.89
optimismo	3.33
opulento	2.94
oração	3.74
orador	4.42
orangotango	5.68
órbita	4.25
orçamento	3.58
ordem	3.02
ordenado	4.81
ordenamento	3.32
ordinário	3.4
orelha	5.54
organismo	4.67
organização	3.71
órgão	5.9
orgasmo	4.82
orgulho	3.84
orgulhoso	3.8
orientação	3.5
orientador	3.84
orifício	4.4
origem	3.31
originário	3.0
ornitorrinco	4.57
orquestra	5.38
orquídea	6.58
osso	5.85
ostra	5.32
ouriço	5.19
ouro	6.19
outono	5.44
ouvido	6.26
oval	4.62
ovelha	6.19
ovo	6.12
pá	5.43
paciente	4.41
pacífico	4.23
pacote	5.57
padeiro	6.17
padrão	3.87
padre	5.56
pagamento	4.92
página	5.18
pai	5.62
painel	4.79
país	5.02
paisagem	5.79
paixão	4.68
palácio	6.46
palavra	4.73
palco	6.05
palestra	4.69
palhaço	6.13
pálido	4.84
palma	5.47
palmada	4.75
pancada	4.57
panda	5.62
pandeireta	5.44
panela	5.58
panfleto	5.6
pânico	4.81
pano	5.97
panorâmico	3.66
pântano	5.35
pantera	5.83
pão	6.14
papa	5.3
papagaio	6.26
papaia	5.82
papel	5.67
papeleira	4.21
papoila	5.64
par	4.08
parafuso	6.05
paragem	4.75
paraíso	5.24
paralelo	4.79
paralisia	4.13
parâmetro	2.59
parasita	4.52
parcela	3.19
pardal	5.93
parede	5.69
pargo	3.38
parlamentar	3.74
parlamento	5.08
paróquia	4.98
parque	6.05
parte	3.24
parteira	4.53
participação	3.61
particular	2.54
partida	4.0
partido	3.82
páscoa	5.8
passado	3.47
passageiro	4.98
passagem	3.92
pássaro	6.02
passeio	5.16
passivo	2.37
passo	3.75
pasta	5.52
pastelaria	6.07
pasteleiro	6.19
pastor	5.49
patente	3.16
pateta	4.49
pato	6.14
patrão	4.89
pátria	4.46
património	4.34
patriota	4.08
patriótico	3.26
patrocínio	4.05
patrono	3.0
patrulha	4.7
pau	5.6
pausa	3.38
pavão	5.4
pavilhão	5.34
paz	4.42
pé	5.74
peça	5.24
pecado	4.02
pecaminoso	3.29
peçonha	3.09
pedaço	4.6
pedido	3.31
pedra	6.3
pedrado	4.57
pedreira	5.17
peito	5.72
peixe	6.14
pele	5.97
pelicano	5.07
pelotão	4.72
pena	4.46
penalidade	3.81
penca	4.77
penedo	4.84
penetrante	3.69
pénis	5.85
pensamento	3.89
pensão	4.45
pensativo	3.69
pente	6.17
pepino	5.65
pepita	4.74
pequeno	5.03
pêra	6.12
percentagem	4.13
percurso	4.5
perda	3.97
perdão	3.75
perdido	3.98
perdiz	4.97
perfeição	3.21
perfeito	3.03
perfil	3.44
perfume	6.0
pergunta	4.05
perigo	4.68
perigoso	4.33
período	4.06
periquito	6.03
perito	3.8
permanência	2.92
perna	5.44
pérola	5.8
persistente	3.15
personagem	4.18
perspectiva	3.13
perspicaz	3.27
perturbação	2.89
peru	6.19
pervertido	3.77
pesadelo	4.38
pesado	4.6
pesaroso	2.88
pesca	5.64
pescada	5.29
pescador	5.85
pescoço	5.69
peso	4.52
pesquisa	4.08
pêssego	6.28
pessimismo	2.98
péssimo	3.4
pessoa	6.28
pessoal	4.2
peste	3.87
pétala	6.12
petardo	4.73
petição	3.45
petróleo	5.64
piada	4.44
piano	6.7
pico	5.33
piedade	3.62
pigmeu	4.05
pijama	5.78
pila	5.58
pilha	5.55
piloto	5.47
pimenta	5.91
pimento	6.35
pincel	5.86
pinguim	6.53
pinhal	5.56
pinheiro	6.19
pinta	4.97
pintainho	5.93
pintassilgo	4.59
pintor	5.44
pintura	6.05
piolho	5.48
pior	3.21
piquete	3.63
pirâmide	5.9
piranha	5.1
pirata	6.02
piscina	6.34
piso	4.22
pista	4.77
pistola	6.08
planeta	5.82
planície	5.51
plano	3.84
planta	6.17
plantação	5.48
plasma	5.77
plástico	5.56
plateia	5.68
plenário	2.73
pleno	3.02
plural	3.37
pneu	6.39
pó	5.44
pobre	4.82
pobreza	4.19
poço	6.05
poder	3.84
poderoso	3.69
podre	5.25
poeira	4.49
poema	5.3
poesia	4.18
poético	3.83
polar	4.24
polegada	4.1
polegar	6.0
polícia	6.05
policial	5.49
política	4.31
político	4.64
pólo	4.34
poltrona	5.36
poluição	5.46
polvo	6.0
pomar	5.21
pomba	6.02
pónei	6.05
ponta	4.65
pontapé	5.6
ponte	5.67
ponto	5.02
pontuação	4.31
pontual	3.67
popa	3.8
população	4.85
popular	4.1
póquer	5.08
porcaria	4.87
porco	5.68
pormenor	3.03
porta	5.62
portagem	5.4
portão	5.08
porteiro	5.39
porto	5.23
português	4.51
pose	3.84
posição	3.36
positivo	3.56
possível	3.23
posto	3.78
postura	4.27
potência	3.71
potente	3.67
poupança	4.03
povo	5.13
povoação	4.82
pradaria	4.9
praia	6.5
prateleira	5.46
prática	3.42
prático	3.66
prato	6.1
prazer	4.41
prazo	3.74
precipício	5.23
preciso	2.7
preço	4.92
prédio	5.69
prefácio	3.49
prego	5.46
preguiçoso	4.79
prejudicial	3.33
prejuízo	2.92
prémio	5.15
prenda	6.14
preocupação	3.65
preocupado	3.62
preparação	3.39
presença	3.61
presente	4.73
presidência	4.29
presidente	5.25
preso	4.57
pressa	3.98
pressão	3.61
pressuposto	2.27
prestação	3.25
prestigiante	3.08
prestígio	3.75
presunçoso	3.34
preto	5.56
prévio	3.11
primavera	5.15
primitivo	3.75
principal	3.24
príncipe	5.73
princípio	3.08
prioridade	3.37
prisão	6.22
privacidade	3.31
privado	3.23
privatização	2.85
privilégio	3.27
problema	3.97
problemático	3.56
procedimento	3.18
processo	3.03
procura	3.66
prodigioso	3.28
produção	3.63
produto	4.26
proeza	3.37
professor	5.98
profissão	4.59
profissional	3.85
profundidade	4.47
programa	4.21
progresso	3.31
proibição	3.84
projecto	3.89
promessa	3.95
promoção	4.22
promotor	3.02
pronto	3.4
propaganda	4.5
propenso	2.64
propina	4.48
proporção	3.31
proporcional	3.25
propósito	2.58
proposta	3.6
propriedade	4.03
proprietário	4.03
prosa	3.97
prosperidade	2.93
prostituta	5.57
protecção	3.97
protegido	3.9
proteína	3.81
prova	4.25
provação	2.95
proveito	3.02
proveitoso	3.34
proveta	4.67
província	3.97
provocador	3.71
proximidade	3.28
próximo	3.62
prudente	2.77
psicólogo	5.16
publicidade	5.05
público	4.98
pudim	5.5
pugilista	5.17
pulga	5.47
pulmão	6.02
púlpito	3.76
pulsação	4.22
pulseira	6.31
pulso	5.88
punhado	3.69
punhal	5.15
punho	5.48
puro	3.21
pus	3.69
putrefacto	3.24
quadra	3.64
quadrado	5.9
quadro	6.0
qualidade	3.27
quantia	3.98
quantidade	3.56
quartel	5.27
quarto	6.16
quebra	3.51
quebrado	4.36
queda	4.6
queijo	6.41
queimado	4.66
queimadura	5.52
queixa	3.56
queixo	5.63
quente	4.85
queque	6.14
querido	3.89
questão	3.74
quieto	3.98
quilate	3.52
quilómetro	4.0
químico	3.93
quinta	5.0
rã	6.15
rabanete	4.76
rabo	5.55
raça	4.15
raciocínio	3.65
racional	2.87
racismo	4.37
racista	3.98
radiação	3.95
radiador	4.36
radiante	4.29
radical	4.07
rádio	6.6
raia	5.3
rainha	6.17
raio	5.61
raiva	4.44
raiz	5.11
rameira	4.77
ramo	5.69
rançoso	3.42
rapariga	6.12
rapaz	6.0
rapidez	4.1
rápido	3.53
raposa	5.97
rapto	4.4
raquete	6.03
raro	3.16
raso	3.95
rasto	4.11
rato	6.1
razão	2.92
razoável	2.77
reacção	3.44
real	3.02
realidade	3.65
realista	3.19
realização	3.26
realizador	4.66
rebelde	4.24
reboque	5.29
rebuçado	6.02
rebuliço	3.54
recado	4.15
receio	3.14
receita	5.03
recente	2.85
receoso	2.84
receptivo	2.98
rechonchudo	5.08
recife	5.0
recinto	5.08
recipiente	5.56
recital	4.43
reclamação	4.03
recluso	5.15
recolha	3.58
recomendável	2.92
recompensa	4.42
recordação	4.44
recordações	4.64
recreio	5.45
rectangular	5.56
recuperação	3.28
recuperável	2.62
recurso	3.25
recusa	2.69
rede	5.55
redondo	5.79
redução	3.3
reembolso	3.63
refeito	2.26
refém	4.69
referendo	3.28
reflexão	3.39
reflexo	4.49
reforço	3.46
reforma	3.61
refresco	5.15
refrigerante	5.8
regador	5.5
regata	4.36
região	3.95
regime	3.21
regional	3.08
registo	3.79
regra	3.11
regresso	3.38
régua	6.4
regulamento	3.58
rei	6.17
reino	4.21
reitor	4.5
relação	3.93
relâmpago	6.03
relance	2.29
relato	3.46
relaxado	4.31
relevante	2.65
relevo	3.9
religião	4.21
relíquia	4.57
relógio	6.21
relva	5.63
relvado	5.83
remate	4.92
remédio	5.05
remendo	4.68
remoto	2.68
remuneração	4.39
renda	4.56
renovação	3.24
rentável	3.1
repartição	3.44
repetição	3.05
repetitivo	3.4
repleto	3.57
réplica	3.8
repolho	5.65
reportagem	4.66
repórter	5.54
réptil	5.92
repugnante	3.48
reserva	3.45
reservado	3.76
reservatório	4.67
resíduo	4.53
resistente	3.7
respectivo	2.41
respeitador	3.61
respeitável	3.37
respeito	3.52
respiração	4.52
responsável	3.59
resposta	4.39
restante	3.02
restaurante	5.92
resto	2.98
restos	4.31
restrito	3.28
resultado	3.37
resultante	2.67
resumo	3.79
retirada	3.0
retorno	3.02
retrato	5.8
reunião	4.72
reversível	2.75
revestimento	3.48
revisão	3.11
revista	5.9
revolta	4.17
revólver	6.1
riacho	5.79
ribeiro	5.23
rico	5.21
ridículo	3.55
rígido	3.33
rigoroso	3.57
rim	6.07
rinoceronte	6.52
rio	6.03
riqueza	4.31
risco	4.24
riso	5.88
ritmo	3.69
ritual	4.02
robalo	4.95
robe	5.59
rocha	6.02
roda	6.0
rodagem	3.41
rola	5.13
roldana	5.13
rolha	5.26
roliço	3.96
rolo	5.05
romã	5.67
romance	4.81
romântico	4.48
rombo	3.48
rosa	6.4
roseira	6.05
rosto	5.87
rotina	3.6
roupa	5.87
roupão	5.78
roupeiro	5.56
rouxinol	5.85
rua	5.82
rude	4.09
ruído	4.58
ruidoso	4.26
ruína	5.06
rumo	3.23
rural	4.94
rústico	4.56
sábado	4.18
sábio	3.69
sabor	4.2
sabre	4.26
sacerdote	5.24
saco	5.93
sacrifício	3.45
safira	4.77
sagaz	2.85
sagrado	4.08
saia	6.08
saída	4.79
sal	5.62
sala	6.25
salada	5.65
salão	5.59
salário	5.05
salgalhada	3.44
saliência	4.03
saliente	3.9
salmão	5.35
salsa	5.88
salsicha	6.12
saltitante	4.31
salvador	4.21
salvamento	4.48
sanção	3.59
saneamento	4.37
sangrento	5.05
sangue	6.19
sanita	6.02
sanitário	4.98
santo	5.0
santuário	5.68
sapateira	5.9
sapateiro	5.73
sapatilha	6.34
sapato	5.77
sapo	5.63
sarampo	4.58
sarcástico	3.62
sardinha	5.98
satisfação	3.89
satisfatório	3.23
satisfeito	3.73
saudação	4.34
saudade	4.28
saudável	4.0
saúde	4.4
sável	3.83
saxofone	5.81
sé	4.59
sebo	3.46
seca	4.13
secador	5.75
secção	3.51
seco	4.5
secretária	5.88
secretário	4.81
secreto	3.85
sector	2.92
século	3.61
secundário	3.57
seda	4.79
sede	4.18
sedutor	4.6
segredo	4.03
segundo	3.26
segurança	4.26
seguro	3.79
seio	5.16
selo	5.24
selvagem	4.78
semana	4.06
semanal	3.82
semelhança	3.38
semente	5.53
semestre	3.45
seminário	3.77
senado	3.33
senador	4.33
senhor	5.07
sensação	3.85
sensato	3.39
sensual	5.17
sentido	3.25
sentimental	4.0
sentimento	4.28
separação	3.48
separado	3.55
sepultura	5.52
sequência	3.89
sereno	3.63
série	4.47
seringa	5.19
sério	3.83
sermão	4.21
serpente	6.36
serra	5.97
serralheiro	5.11
serrote	5.48
serviço	3.9
sessão	3.36
seta	6.08
severo	3.67
sexo	6.0
sexual	5.23
sífilis	3.36
significado	3.19
sílaba	3.97
silêncio	4.0
silencioso	3.67
simbólico	3.38
símbolo	4.92
simpático	4.21
simples	3.5
simplicidade	3.52
sinal	5.18
sincero	3.83
sinistro	3.89
sino	5.8
sinónimo	3.18
síntese	2.93
sintoma	3.77
sintomático	2.65
sistema	2.9
sistemático	2.67
sítio	3.97
situação	3.29
snobe	3.81
soberania	3.27
soberbo	2.5
sobrancelha	6.49
sobretudo	3.98
sóbrio	4.39
social	3.34
socialista	3.35
sociável	4.12
sociedade	4.37
soco	5.57
socorro	4.59
sofá	6.29
sofrimento	4.17
soja	4.53
sol	6.07
solar	4.84
soldado	5.62
solene	2.8
solha	4.43
solicitador	3.26
solidão	3.44
sólido	4.79
solitário	3.84
solo	5.6
solto	3.75
solução	3.48
soluço	4.74
soma	3.84
sombra	5.33
sonda	4.31
sondagem	3.68
soneto	3.7
sonho	4.89
sono	4.95
sonoro	3.97
sopa	5.77
sorriso	6.31
sorte	3.82
sorteio	4.45
sortudo	4.08
sossegado	3.68
sótão	5.69
sotaque	4.1
soviético	4.08
sozinho	4.24
suave	4.16
subida	5.13
súbito	2.62
subjectivo	2.69
subjugado	2.9
submarino	5.56
suborno	3.44
subsídio	3.81
substituição	3.58
subterfúgio	3.0
sucesso	4.13
suficiente	2.94
sugestão	3.3
suicídio	4.75
sujeito	4.43
sujidade	5.41
sujo	5.53
sumo	5.65
suor	4.98
superficial	2.89
superfície	4.16
suporte	4.46
supremo	3.23
surdo	4.44
surpreendido	3.9
surpresa	4.27
surto	3.07
suspeita	3.37
suspensão	3.52
suspenso	3.9
sustento	3.46
tabaco	5.95
tabela	5.07
tabu	3.28
tabuleiro	5.35
taça	6.34
tacho	5.88
táctica	3.98
talento	3.67
talhante	5.03
tamanho	3.74
tâmara	5.08
tamboril	5.1
tangerina	5.88
tango	5.07
tanque	5.2
tapeçaria	4.95
tapete	6.31
tarde	4.61
tardio	3.13
tarefa	3.95
tarifa	3.44
tartaruga	6.17
tarte	6.43
tatu	4.71
taxa	3.21
táxi	6.33
taxista	5.4
tear	4.15
teatral	4.58
teatro	6.07
tecido	5.34
técnica	3.13
técnico	4.56
tecnologia	5.38
tecnológico	4.34
tecto	5.93
tédio	3.37
tela	5.97
teleférico	5.48
telefone	6.13
telefonema	5.38
televisão	6.65
televisor	6.48
telhado	6.4
tema	3.39
temeroso	3.25
temperatura	4.32
tempestade	5.48
templo	5.57
tempo	4.39
temporada	3.19
temporário	2.82
tendência	3.1
ténis	6.02
tenista	5.6
tensão	3.58
tenso	3.93
tentativa	2.97
teor	2.14
teoria	3.32
teórico	3.36
térmite	3.26
termo	2.63
termómetro	6.43
terno	4.36
ternura	4.41
terra	6.21
terreno	5.49
território	4.74
terrível	3.84
terror	4.9
terrorista	5.61
tese	4.23
tesoura	6.2
tesouro	5.43
testa	5.9
testemunho	3.6
têxtil	4.69
texto	6.05
textura	4.56
texugo	5.08
tigela	6.39
tigre	5.75
tijolo	5.66
tímido	4.08
tinta	5.68
típico	2.87
tipo	2.73
tiro	5.13
titã	3.64
título	3.87
tocha	5.29
toga	3.95
tolerância	3.19
tolerante	2.75
tolo	4.31
tom	3.62
tomada	5.32
tomate	5.58
tonelada	3.7
tonto	3.74
topo	4.72
toranja	5.0
tornado	5.23
torneio	4.7
torneira	6.16
tornozelo	5.5
torradeira	6.41
torre	6.16
torto	4.43
tortura	4.85
tosse	5.45
total	3.21
touro	6.12
tóxico	3.85
toxina	3.1
trabalhador	5.38
trabalho	4.71
trabalhoso	3.73
traço	4.42
tractor	5.89
tradicional	4.0
tráfego	4.98
tráfico	5.0
tragédia	4.27
trágico	3.9
traição	4.47
traidor	4.0
tralha	5.11
tranquilo	4.07
trânsito	5.85
transmissão	3.34
transporte	5.67
transtornado	3.89
trapaceiro	3.75
trapalhão	4.21
traseira	4.18
tratado	3.24
tratamento	3.63
trauma	3.93
travessa	4.83
travessia	3.38
travessura	4.13
trégua	3.56
treinador	5.44
treino	4.58
trenó	5.44
tribo	5.48
tributo	3.34
triciclo	5.88
trincheira	4.89
trio	4.55
tripulação	4.92
tripulante	4.95
triste	5.02
tristeza	4.07
triunfante	4.31
triunfo	4.1
troféu	5.91
trólei	4.44
trombeta	5.67
trompete	5.9
trono	5.2
trunfo	3.97
truque	4.25
truta	5.68
tubarão	6.39
tubo	5.27
tucano	4.65
tulipa	4.93
tumor	4.13
turbante	4.51
turismo	4.85
turista	5.34
turma	4.98
tutela	3.0
úlcera	3.44
último	3.33
umbigo	5.93
unânime	2.9
unha	5.49
único	3.55
unidade	3.45
unilateral	3.03
universo	5.98
urbanização	4.68
urbano	4.52
urgente	3.61
urina	5.13
urna	5.1
urso	6.0
urtiga	4.89
urze	3.5
usado	4.15
utensílio	5.46
útil	3.28
utilitário	3.23
utilização	2.82
utopia	2.81
vaca	6.26
vacina	5.82
vaga	3.52
vagina	6.38
vago	3.05
vaidade	3.62
vaidoso	4.71
vaivém	5.24
vale	4.44
valente	3.93
valentia	3.67
válido	3.11
valioso	4.41
valor	3.51
valorização	2.98
vampiro	5.92
vândalo	4.54
vantagem	3.02
variante	2.97
variável	2.94
variedade	3.53
varíola	3.49
varredor	4.9
vaso	5.33
vassoura	6.03
vasto	3.66
vazio	4.13
veado	5.63
vedeta	4.37
vegetal	6.0
vegetativo	4.03
veia	5.62
veículo	6.63
vela	5.97
veleiro	5.08
velho	5.52
velocidade	4.72
veloz	4.1
vencedor	5.08
venda	4.16
vendedor	5.47
veneno	4.6
venenoso	3.97
ventania	5.07
vento	5.08
ventre	4.95
verão	5.8
verba	3.18
verbo	3.51
verdade	3.47
verdadeiro	3.64
verde	5.25
vereador	3.92
vergonha	3.9
vermelho	5.55
versão	2.82
verso	4.07
vértice	4.78
vespa	5.63
véspera	3.56
vestido	6.39
vestígio	3.39
vestuário	5.52
veterano	4.61
veterinário	5.23
vez	2.67
via	4.66
viaduto	4.89
viagem	5.55
viatura	6.37
viável	2.59
víbora	5.58
viciado	4.25
vida	4.4
vidro	6.12
vigilância	3.74
vigoroso	3.33
vila	5.25
vinho	5.9
viola	6.49
violação	4.37
violência	5.03
violento	4.16
violeta	5.47
violino	6.22
violoncelo	5.56
viragem	3.39
virgem	4.52
vírgula	5.65
viril	3.53
virtude	3.16
visão	4.34
visita	3.85
visitante	4.13
vista	4.76
visto	3.52
visual	3.84
vitela	5.34
vítima	4.95
vitória	4.87
vivaz	3.57
vivo	4.59
vizinho	5.11
vocação	3.41
vogal	4.31
volante	5.63
volta	3.6
volume	3.93
vómito	4.89
vontade	3.38
voo	5.31
votação	4.1
voto	4.27
vovó	5.64
voz	4.59
vulcão	5.75
vulgar	3.18
xadrez	5.95
xarope	5.64
xilofone	5.51
zangado	4.6
zebra	6.19
zelo	3.07
zona	4.05
