aba	1.021
abacate	0.18600000000000003
abacaxi	0.068
abadia	0.9329999999999999
abandonado	17.998
abandono	35.644
abate	11.573
abatido	6.292000000000001
abelha	0.86
aberração	1.9980000000000002
abertura	151.866
abóbora	0.879
abolição	10.802
abordagem	21.432
aborrecido	3.7760000000000002
aborto	40.583
abraço	8.437000000000001
abrigado	0.66
abrigo	33.172
abstenção	17.802
absurdo	15.555
abundância	6.042999999999999
abundante	5.193
abuso	18.144000000000002
abutre	0.645
acácia	0.396
académico	8.886000000000001
acampamento	10.01
acanhado	0.8059999999999999
acção	209.767
aceleração	8.93
acessível	10.909
acesso	164.53900000000002
acessório	1.964
acidente	87.086
ácido	5.56
aço	11.040999999999999
acolhedor	1.5930000000000002
acompanhante	2.233
aconchego	0.894
acordeão	3.332
acordo	510.57300000000004
acre	0.406
acta	6.175
actividade	191.78900000000002
activista	4.656000000000001
activo	26.479
acto	81.742
actor	52.669
actriz	31.066
actuação	74.042
actual	298.153
açúcar	11.412
açucena	0.21
acumulação	12.673
acusação	58.39
acusado	54.848
adaptação	32.014
adaptável	0.503
adega	3.478
adepto	8.74
adequado	17.465
adesão	60.876000000000005
adeus	15.56
adiamento	23.346999999999998
admiração	10.904000000000002
admirado	2.897
admirável	7.25
admissão	13.175999999999998
adolescência	8.007
adolescente	11.72
adopção	24.035999999999998
adoração	1.725
adorável	0.6940000000000001
adulto	7.225
adversário	60.549
adversidades	1.094
advogado	62.254
aéreo	15.868
aeroporto	55.346000000000004
afecto	8.691
afectuoso	0.606
afeição	1.6219999999999999
afiado	0.36200000000000004
afinidade	1.935
afirmação	47.173
aflito	2.4130000000000003
agência	115.23100000000001
agenda	42.551
agente	38.497
ágil	2.037
agilidade	3.307
agitação	17.367
agonia	6.185
agradável	19.268
agradecido	1.6369999999999998
agravamento	20.572
agressão	24.002
agressivo	7.332999999999999
agrião	0.11699999999999999
agricultor	7.957999999999999
agricultura	67.90100000000001
agrupamento	9.082
água	260.374
águia	4.441
agulha	3.3369999999999997
aia	1.026
aipo	0.474
ajuda	120.536
alargamento	52.151
alarme	12.443
albatroz	0.28300000000000003
álbum	60.754
alcachofra	0.11199999999999999
alcance	25.541
alce	0.132
álcool	22.184
alcoólico	3.307
alcoolismo	4.446000000000001
aldeia	55.566
aleatório	1.749
alegre	11.407
alegria	36.455
além	472.33
alemão	102.929
alergia	0.943
alerta	37.168
alface	1.4509999999999998
alfaiate	1.446
alfarroba	0.322
alfinete	0.816
alho	4.455
aliado	15.677
aliança	41.335
alicate	0.396
alienação	10.958
alimentação	23.469
alimentar	31.745
alimento	5.047
alívio	12.253
alma	57.628
almoço	40.509
almofada	2.2230000000000003
alojamento	10.802
alperce	0.11699999999999999
alta	111.318
altar	7.631
alternativa	68.683
alternativo	10.068999999999999
altitude	11.495
alto	113.48200000000001
altura	343.293
alucinante	3.542
aluguer	14.212
alumínio	10.425
aluno	21.691
alvo	72.543
ama	9.39
amabilidade	1.016
amado	3.478
amante	13.308
amarelo	20.23
amargo	5.1739999999999995
amável	2.838
âmbar	1.016
ambição	18.055999999999997
ambicioso	10.655
ambiente	165.447
ambiguidade	7.0889999999999995
âmbito	135.891
ambulância	7.303999999999999
ameaça	76.65100000000001
ameaçador	1.974
ameixa	0.195
amêndoa	1.304
amendoim	0.562
americano	88.50299999999999
amigável	4.519
amigo	73.119
amizade	24.608
amnistia	16.483
amor	92.60700000000001
amora	3.195
amoroso	3.298
amostra	11.319
amplitude	9.351
amplo	14.119000000000002
amuado	0.34700000000000003
análise	97.07700000000001
analista	11.901
ananás	0.972
anão	0.982
anchova	0.151
ancinho	0.122
âncora	2.56
andebol	16.791
andorinha	0.899
anel	6.218999999999999
ângulo	7.138
angústia	12.384
angustiado	1.314
angustiante	1.656
animação	40.588
animado	10.113
animal	25.335
ânimo	7.406000000000001
aniversário	47.163000000000004
anjo	7.675
ano	1214.448
anonimato	13.195
anormal	6.307
anseio	1.5
ansiedade	10.845999999999998
ansioso	2.931
antecedente	1.114
antena	29.62
anterior	178.82299999999998
antigo	160.64
anual	47.417
anulação	13.464
anúncio	56.817
anzol	0.884
apaixonado	8.017000000000001
apanhador	0.083
aparelho	40.798
aparência	9.141
aparição	8.261000000000001
apartamento	12.892000000000001
apático	1.021
apelo	56.958
apertado	6.649
apetite	6.903
apito	3.469
aplauso	3.884
apoiante	6.107
apoio	293.204
aposta	61.365
apreensão	14.802999999999999
aprendizagem	16.576
apresentação	97.619
aprisionado	0.65
aprovação	70.83800000000001
aproximação	34.207
apuramento	28.261999999999997
aquecimento	11.305
ar	128.221
arado	1.598
arame	3.943
aranha	2.316
arara	0.22
arbitragem	24.28
árbitro	46.308
arbusto	0.684
arca	3.034
arco	12.692
areia	22.614
arenque	0.28300000000000003
arguido	20.215999999999998
arma	35.951
armadilha	4.499
armado	14.671
armamento	14.988
armário	3.605
armazém	13.732999999999999
arquipélago	15.838
arquitecto	39.757
arquitectura	37.036
arquivo	11.597999999999999
arranjo	11.637
arranque	25.482
arrendamento	7.02
arrependido	5.393
arrepio	4.006
arrogante	4.944
arroz	16.19
arrumado	2.667
arte	133.355
artéria	6.796
artesanato	13.269
artesão	2.0469999999999997
articulação	18.115
artificial	14.177
artigo	106.75
artilharia	11.690999999999999
artista	48.711999999999996
artístico	18.222
árvore	18.833
ás	5.257000000000001
asa	8.334
ascendente	7.46
ascensão	14.695
asilo	16.473
asma	2.198
aspecto	66.28
áspero	1.109
aspirador	0.64
assaltante	6.9079999999999995
assassínio	21.369
assassino	9.932
assembleia	118.02
assento	11.607999999999999
assessor	16.561
assinatura	49.943000000000005
assobio	0.738
associação	161.422
associado	17.47
assunto	129.96
assustado	2.501
assustador	2.878
astronauta	3.0
atacante	6.126
ataque	96.662
atenção	126.785
atencioso	0.376
atentado	42.218999999999994
atento	18.12
aterrorizado	0.733
atitude	109.583
atlântico	1.729
atleta	25.643
atmosfera	25.901999999999997
átomo	2.282
atracção	16.942
atractivo	5.501
atrasado	10.914000000000001
atraso	65.59100000000001
atrevido	1.456
atribuição	39.464
atum	3.009
audição	15.085999999999999
audiência	55.791000000000004
audiovisual	16.517
auditoria	10.88
auditório	28.022
aula	14.5
aumento	192.517
ausência	91.00399999999999
ausente	20.548000000000002
autarca	84.771
autarquia	180.91400000000002
autêntico	15.54
autocarro	24.465999999999998
automóvel	70.02199999999999
autonomia	55.214
autor	159.189
autoria	35.57
autoridade	45.869
autoritário	4.363
autorização	49.313
auxílio	21.910999999999998
avalanche	2.452
avaliação	63.661
avanço	34.025999999999996
avarento	0.43
avareza	0.586
avaria	9.419
ave	10.953
avelã	0.142
avenida	22.023000000000003
avental	1.2309999999999999
aventura	32.81
avestruz	1.324
aviação	11.329
avião	53.646
avioneta	0.977
aviso	29.718000000000004
avô	10.44
azar	12.14
azedo	0.826
azeite	14.148
azeitona	1.817
azul	38.394
azulejo	3.366
bacalhau	14.71
bacia	10.484000000000002
bacon	0.8109999999999999
bagageira	2.531
bagagem	5.921
bagunça	0.415
bailarino	3.728
baile	8.408
bairro	62.982
baixo	47.647
bala	7.978
balança	13.948
balanço	56.718999999999994
balão	7.02
balcão	12.272
balde	3.4339999999999997
baleia	4.001
baliza	35.145
balneário	3.859
baloiço	0.45899999999999996
bambu	1.163
banal	5.76
banana	3.332
banca	27.596999999999998
bancada	47.261
bancário	19.097
banco	134.489
banda	75.352
bandeira	33.416
bando	8.74
bandolim	1.138
banha	1.588
banheira	2.0269999999999997
banho	29.756999999999998
bar	31.872
barata	11.984000000000002
barato	14.562999999999999
barba	7.528
barco	42.082
barra	19.131
barraca	7.142
barragem	29.21
barreira	18.897000000000002
barriga	7.182
barril	3.9130000000000003
barro	8.036
barulhento	0.6940000000000001
barulho	14.92
básico	27.949
basquetebol	32.116
bastão	1.3090000000000002
bastardo	0.86
batalha	54.262
batata	7.567
batedeira	0.10800000000000001
bateria	12.321
baú	0.992
bêbado	2.052
bebé	16.879
bebida	7.191
beco	3.415
begónia	0.054000000000000006
beijo	6.19
beleza	33.001
beliche	0.489
beliscão	0.18100000000000002
belo	21.026999999999997
bênção	7.093999999999999
benéfico	2.614
benevolente	1.08
bengala	2.589
bengaleiro	0.293
berbequim	0.42
beringela	0.166
besouro	0.122
besta	2.15
betão	11.901
beterraba	1.827
biblioteca	24.445999999999998
bicicleta	15.609000000000002
bico	4.343
bife	3.112
bigorna	0.264
bilhete	18.496
biografia	11.74
biológico	3.772
biólogo	3.3810000000000002
biombo	1.104
bisbilhotice	0.313
biscoito	0.156
bisonte	0.127
bispo	45.986000000000004
bisturi	0.518
bizarro	3.488
blasfémia	1.119
bloco	32.649
bloqueio	20.914
blusa	1.236
boca	45.048
bocado	25.243000000000002
bode	4.05
bofetada	1.886
boi	2.7460000000000004
boicote	16.278
bola	83.891
bolacha	0.635
boletim	11.49
bolha	0.865
bolo	9.937000000000001
bolor	0.674
bolsa	69.289
bolso	14.357999999999999
bom	256.017
bomba	32.194
bombardeiro	0.6890000000000001
bombeiro	6.361000000000001
bondade	6.615
boné	3.141
boneco	3.7760000000000002
bonito	18.247
bónus	3.772
borboleta	1.3090000000000002
borracha	5.926
bosta	0.327
bota	3.659
botão	4.92
boxe	4.46
braço	40.626999999999995
branco	66.602
breve	81.292
brigada	10.914000000000001
brilhante	22.281999999999996
brilho	13.459000000000001
brincadeira	10.380999999999998
brinquedo	3.097
brisa	14.705
britânico	77.057
brócolos	0.371
bronze	18.823
brutal	12.067
bruto	13.464
búfalo	0.5329999999999999
buraco	20.724
burla	8.847000000000001
burocracia	12.482000000000001
burro	5.296
busca	43.494
bússola	1.29
busto	2.536
cabana	1.944
cabeça	148.988
cabelo	19.742
cabide	0.381
cabra	2.975
caça	37.896
caçadeira	5.711
caçador	4.553
cação	0.445
caçarola	0.34700000000000003
cacau	1.7730000000000001
cachecol	0.875
cachimbo	1.681
cacifo	0.225
cacto	0.259
cadáver	13.943
cadeado	1.446
cadeia	50.656000000000006
cadeira	21.872
cadeirão	0.938
cadela	1.5490000000000002
caderno	13.825999999999999
café	36.777
cais	18.076
caixa	52.278
caixão	4.026
caixote	3.2880000000000003
caju	0.42
calcanhar	2.682
calças	12.321
cálcio	2.741
calções	3.713
cálculo	17.553
caldeira	2.838
calendário	38.677
cálice	1.8219999999999998
calma	25.599
calmo	11.187000000000001
calor	34.246
caloroso	1.466
cama	25.018
camada	10.845999999999998
camaleão	0.66
câmara	307.601
camarada	7.221
câmbio	11.901
camelo	1.236
camião	16.473
caminho	159.60399999999998
camioneta	4.89
camisa	9.922
camisola	18.387999999999998
campanha	204.28599999999997
campeão	59.958
campeonato	110.824
campo	183.025
camponês	2.594
cana	2.892
canal	107.087
canário	0.733
canção	27.983
cancro	32.6
candeeiro	2.448
candidato	142.423
candidatura	95.758
caneca	0.708
caneta	3.8989999999999996
canguru	0.445
canhão	3.005
caniche	0.122
cano	2.467
canoa	1.725
cansaço	12.463
cansado	11.525
cansativo	1.207
cântico	1.197
cantiga	1.861
canto	42.923
cantor	22.399
cão	17.944000000000003
caos	22.8
capa	18.452
capacete	4.314
capacidade	166.96200000000002
capaz	94.89299999999999
capela	15.623
capital	316.961
capitalismo	15.203
capitalista	7.5089999999999995
capitão	28.53
capítulo	35.262
capote	3.0439999999999996
capricho	2.98
captação	9.663
capuz	0.743
cara	53.035
caracol	2.062
carácter	82.333
caranguejo	1.182
carapau	1.666
caravana	10.464
carbono	9.79
carcaça	1.3
cárcere	1.3630000000000002
cardeal	11.378
cardíaco	5.247000000000001
cardume	0.391
careca	2.697
carência	7.865
careta	0.674
carga	41.887
cargo	123.48700000000001
carícia	0.767
caril	0.601
carinho	6.16
carnaval	11.989
carne	44.769
carneiro	2.775
caro	25.096
carocha	0.767
caroço	0.366
carpa	0.26899999999999996
carpinteiro	2.2569999999999997
carreira	109.15799999999999
carril	0.743
carrinha	12.629000000000001
carro	99.329
carroça	2.013
carruagem	4.718999999999999
carta	126.198
cartão	39.527
cartaz	20.098
carteira	21.3
carteiro	1.896
casa	420.43800000000005
casaco	8.588
casado	12.414000000000001
casal	46.997
casamento	39.044000000000004
casca	3.4539999999999997
cascata	2.702
casino	8.945
caso	676.459
cassete	7.196000000000001
castanha	2.785
castelo	26.342
castigo	18.105
casual	1.71
catálogo	18.872
catástrofe	15.037
catastrófico	2.106
catatua	0.083
católico	15.115
cauda	6.507000000000001
caudal	8.315
caule	0.308
cautela	6.037999999999999
cavaleiro	8.52
cavalo	20.86
cavaquinho	1.124
cave	7.265
caveira	1.163
caverna	1.554
cebola	4.729
cedência	22.087
cego	8.261000000000001
cegonha	1.5190000000000001
celebração	18.462
célebre	28.916
célula	6.638999999999999
cemitério	21.158
cena	71.023
cenário	78.03399999999999
cenoura	1.896
censura	24.055
centímetro	2.296
centopeia	0.10800000000000001
central	178.608
centro	257.131
céptico	3.7910000000000004
cerâmica	15.311
cereal	1.7930000000000001
cerebral	7.484
cérebro	18.369
cereja	1.016
cerimónia	66.822
ceroulas	0.342
certeiro	2.101
certeza	68.869
certificado	5.999
cerveja	16.63
cesto	4.705
céu	49.751999999999995
chacina	2.775
chaleira	0.18100000000000002
chama	73.192
chamada	62.508
chaminé	2.6919999999999997
chantagem	8.115
chão	43.729
chapa	4.05
chapéu	13.777000000000001
charme	4.949
charrete	0.17600000000000002
charuto	1.954
chave	22.243000000000002
chávena	1.5730000000000002
chefe	166.86900000000003
chefia	18.975
chegada	69.66
cheio	32.83
cheiro	17.587
cheiroso	0.35200000000000004
cheque	14.7
cherne	0.586
chicharro	0.239
chicória	0.191
chicote	1.334
chimpanzé	0.498
chinelo	0.27399999999999997
chocalho	0.28300000000000003
chocolate	4.28
choque	33.411
chouriço	1.8419999999999999
chumbo	13.269
chuva	46.504
cicatriz	0.9620000000000001
ciclista	9.292
ciclo	79.035
ciclone	1.9
cidadania	13.811
cidadão	48.067
cidade	464.343
ciência	46.938
científico	22.595
cientista	8.413
cigano	5.12
cigarra	0.46399999999999997
cigarro	8.061
cimeira	65.737
cimento	13.943
cineasta	22.336
cinema	154.089
cinto	5.6770000000000005
cinzeiro	0.972
cinzento	7.235
cio	0.596
circo	12.116
circuito	51.023
circulação	59.543
círculo	28.159000000000002
cirurgia	6.986000000000001
cirúrgico	0.884
cisne	1.7
citação	6.7170000000000005
ciúme	2.4330000000000003
ciumento	0.5770000000000001
cívico	6.375
civil	127.488
civilização	20.484
clã	5.501
clandestino	10.298
clareza	11.837
clarinete	3.41
classe	77.101
cláusula	9.829
cliente	28.691999999999997
clima	58.214
clímax	1.6019999999999999
clínica	18.076
clube	176.312
coador	0.054000000000000006
cobarde	1.944
coberto	14.07
cobertura	40.568000000000005
cobra	5.207999999999999
cobrança	12.785
cocaína	20.221
coche	0.845
coco	1.124
código	29.570999999999998
codorniz	0.259
coelho	2.623
coerente	11.857000000000001
coesão	18.975
cofre	4.353
cogumelo	0.591
coiote	0.078
coisa	272.177
coito	0.62
cola	4.368
colaboração	69.26
colagem	5.731
colapso	11.671
colchão	2.0469999999999997
colecção	38.868
colega	28.261999999999997
colégio	12.085999999999999
cólera	9.36
colete	3.127
colheita	8.794
colher	11.675999999999998
colina	4.485
colisão	11.852
coliseu	13.454
colmeia	0.508
colocação	31.408
colonial	16.679000000000002
colóquio	23.64
coluna	15.427999999999999
comandante	64.267
comando	58.37
combate	92.729
combinação	10.083
comboio	42.63399999999999
combustível	17.382
começo	24.744
comédia	19.883
comemoração	8.628
comentário	30.118000000000002
comercial	94.375
comerciante	12.502
comércio	94.81
cometa	4.7139999999999995
comício	22.634
cómico	5.354
comida	23.201
comissão	226.128
comissário	37.001999999999995
cómoda	2.399
compacto	4.622
companheiro	21.549
comparação	24.783
compatível	8.896
compatriota	13.997
competência	34.96
competente	9.8
competição	70.476
competitivo	10.987
completo	38.062
complexidade	13.078
complexo	43.665
complicado	21.416999999999998
componente	26.976999999999997
composição	35.468
compota	0.406
compra	85.113
compreensão	21.061
comprimento	23.733
comprimido	2.306
compromisso	55.283
comprovativo	1.431
computador	42.605
comum	113.794
comunicação	132.886
comunidade	159.428
comunismo	16.918
comunista	69.025
comunitário	34.056
conceito	43.905
concelho	201.179
concentração	50.71
concentrado	7.138
concerto	77.247
concessão	39.733000000000004
concha	2.912
conclusão	77.154
concorrência	61.336000000000006
concorrente	15.638
concreto	26.331999999999997
concurso	110.13
conde	12.585
condenação	22.096
condição	56.718999999999994
condor	0.27399999999999997
condução	25.169
conduta	18.203
condutor	25.609
conferência	160.127
confiança	93.286
confiante	17.993
confidencial	3.503
conflito	91.57600000000001
confortável	10.929
conforto	14.220999999999998
confronto	41.941
confusão	40.348
confuso	5.374
congelador	0.65
congresso	138.563
congro	0.195
conhecido	91.512
conhecimento	103.384
cônjuge	1.896
conjunto	211.05200000000002
conquista	34.881
consciência	70.789
conselho	121.494
consenso	41.568999999999996
consequência	59.70399999999999
consideração	20.025
considerável	16.166
consolado	0.43
constituição	92.035
construção	294.909
construtor	14.456
consulado	9.536
consulta	37.573
consultório	3.307
consumo	90.399
conta	321.98400000000004
contacto	65.37100000000001
contagem	15.667
contaminação	11.07
contenda	3.195
contente	16.185
contestação	32.834
conteúdo	41.345
contexto	50.725
continência	0.562
continente	46.865
continuação	27.768
conto	15.824000000000002
contorno	1.91
contradição	13.244000000000002
contrário	192.576
contraste	15.687000000000001
contratação	20.646
contratempo	1.69
contrato	111.73299999999999
controlador	1.515
controlo	122.88600000000001
conveniente	9.512
convento	12.809000000000001
convergência	27.000999999999998
conversa	56.611000000000004
convicção	36.919000000000004
convicto	11.905999999999999
convidado	34.217
convite	50.256
convívio	19.312
cooperação	86.84200000000001
coordenação	28.169
cópia	13.767000000000001
copo	12.839
cor	60.446000000000005
coração	72.968
coragem	34.823
corajoso	2.8139999999999996
coral	4.5680000000000005
corda	10.86
cordeiro	1.607
cordel	1.2309999999999999
coreografia	9.297
corneta	0.27899999999999997
coro	22.219
coroa	15.437999999999999
coronel	15.286
corpo	145.05100000000002
corpulento	0.586
correcção	15.687000000000001
correcto	15.931
corredor	23.249000000000002
correia	2.076
correio	17.855999999999998
corrente	69.16199999999999
corrida	90.47200000000001
corrupção	54.711000000000006
corrupto	2.267
corte	50.407
cortejo	11.554
cortesia	3.0239999999999996
córtex	0.46399999999999997
cortiça	5.4910000000000005
coruja	0.484
corvo	3.855
costa	35.775
costas	41.872
costume	19.297
costureiro	1.27
cotovelo	1.4609999999999999
cotovia	1.6119999999999999
couve	1.5730000000000002
coxa	3.6010000000000004
cozinha	23.351999999999997
cozinheiro	2.926
crachá	0.18600000000000003
crânio	3.1460000000000004
cratera	2.633
cravo	3.4389999999999996
crédito	61.438
credor	3.747
crença	8.53
crepe	0.27899999999999997
crepúsculo	2.623
crescimento	147.029
cretino	0.27399999999999997
criado	55.063
criador	12.707
criança	69.919
criatividade	12.975999999999999
criatura	4.475
crime	91.801
criminal	16.879
criminoso	8.388
crise	172.233
crista	1.871
cristal	5.301
cristaleira	0.132
cristianismo	10.405999999999999
critério	23.928
crítica	69.04
crítico	33.361999999999995
crocodilo	1.993
crónica	13.513
cronómetro	0.884
croquete	0.10300000000000001
crosta	1.212
crucial	12.345
cruel	9.961
cruzamento	20.142
cruzeiro	7.841
cuco	0.41
cuidado	36.464
cuidadoso	1.964
culpa	39.571
culpado	10.675
culto	27.886
cultura	220.275
cultural	119.87700000000001
cumplicidade	13.127
cunha	1.9
cupão	8.271
cúpula	5.442
cura	10.469000000000001
curioso	24.857
currículo	12.047
curso	132.437
curto	64.892
curva	13.0
custo	55.976000000000006
cutelo	0.616
dado	183.03400000000002
dália	0.259
dama	6.439
damasco	0.723
dança	56.24
dano	2.8089999999999997
data	143.405
debate	176.56599999999997
débil	4.27
década	81.014
decadência	8.398
decente	2.887
decisão	299.03700000000003
decisivo	31.388
declaração	74.018
declínio	10.591
declive	1.5630000000000002
decoração	10.821
decreto	24.954
decurso	13.0
dedal	0.18100000000000002
dedicado	37.529
dedo	16.957
defeito	8.427
defensivo	6.971
defensor	14.138
defesa	262.651
défice	49.684
deficiência	7.006
deficiente	12.409
definição	52.327
degradação	28.451999999999998
delegação	68.053
delegado	30.035
deleite	1.48
delgado	3.1319999999999997
delicado	7.431
delicioso	2.0269999999999997
delírio	7.274
delito	7.836
demente	0.664
demissão	65.259
democracia	99.803
democrata	19.458
demolição	11.94
demónio	3.161
demonstração	15.262
demora	15.575
densidade	9.829
denso	2.931
dente	3.8939999999999997
dentista	1.969
denúncia	21.764
departamento	41.848
dependência	23.635
dependente	26.005
depoimento	11.49
depósito	16.835
depressão	8.828
deprimido	1.681
deputado	106.325
derrota	74.892
derrotado	20.064
desafio	53.196999999999996
desagradável	6.805
desajeitado	0.151
desanimado	0.953
desastre	22.263
desastroso	3.19
desavença	0.63
descanso	15.535
descarado	1.016
descarga	7.939
descida	48.424
desconfiado	2.399
desconfiança	18.066
descontente	4.749
desconto	11.764000000000001
descontraído	2.6719999999999997
descrição	12.389000000000001
desculpa	16.366
desdém	2.233
desdenhoso	0.371
desejo	62.36600000000001
desempenho	26.049
desemprego	91.75200000000001
desenhador	3.859
desenho	33.821
deserto	19.243
desertor	0.8109999999999999
desesperado	5.207999999999999
desespero	19.971
desfavorável	8.33
desfecho	18.809
desfiladeiro	0.469
desfile	19.067999999999998
desgaste	10.577
desgosto	5.412999999999999
desgraça	14.876
designação	26.820999999999998
desigualdade	5.643
desilusão	10.22
desleal	3.864
deslocação	37.905
desocupado	0.733
desordenado	1.329
despedida	12.907
despedimento	13.777000000000001
desperdício	4.197
despesa	17.416
despido	1.598
desportivo	34.666
desporto	104.126
desprezo	9.517000000000001
destemido	0.777
destino	79.626
destreza	1.754
destruição	38.013000000000005
desvantagem	11.613
desvio	18.349
detalhe	5.012
detenção	30.709
detido	37.632
deus	12.487
dever	35.648
devoção	5.691
dia	1027.086
diabo	14.890999999999998
diálogo	86.87100000000001
diamante	2.33
diário	63.412
dica	0.63
diferença	89.094
diferente	118.98299999999999
difícil	190.949
dificuldade	55.516999999999996
difusão	15.57
dígito	0.401
dignidade	35.033
digno	10.953
dilúvio	1.676
dimensão	82.59700000000001
dinâmica	24.451
dinâmico	5.393
dinamismo	9.408999999999999
dinastia	5.965
dinheiro	228.84900000000002
dinossauro	4.255
diocese	11.515
dióspiro	0.01
diploma	47.144
diplomacia	27.89
diplomata	19.268
direcção	264.85900000000004
directo	63.988
director	207.554
direita	103.022
direito	244.648
dirigente	107.571
disciplina	33.586999999999996
discípulo	3.737
disco	80.545
discoteca	18.623
discreto	11.525
discurso	127.49799999999999
discussão	113.897
disforme	0.713
disparate	5.027
disparo	5.569
disponível	45.463
disposição	48.15
dispositivo	13.155999999999999
disputa	34.735
dissidente	6.771
distância	67.408
distante	17.475
distinção	17.245
distinto	3.6639999999999997
distribuição	80.872
distrito	97.48700000000001
ditado	5.042
ditador	10.587
ditadura	23.576999999999998
ditongo	0.098
divã	0.855
divergência	6.537000000000001
diversão	6.981
diversidade	19.087
divertido	8.686
dívida	64.418
divino	5.403
divisa	9.976
divisão	77.12
divórcio	12.375
divulgação	58.253
doce	16.84
docente	19.859
documento	154.787
doença	90.14399999999999
doente	38.638000000000005
dogma	2.2769999999999997
doido	2.878
dólar	57.173
doloroso	4.841
dom	19.537
domicílio	5.081
dominado	13.059000000000001
dominante	19.722
domingo	154.445
domínio	85.56200000000001
doninha	0.166
dono	26.953000000000003
dor	32.126
dose	13.600999999999999
dourada	5.188
dourado	3.972
doutor	15.505999999999998
doutrina	12.668
dragão	3.0439999999999996
drama	25.438000000000002
dramático	11.603
droga	87.887
drogado	0.63
dromedário	0.147
dúbio	0.591
duelo	13.22
dueto	2.892
duque	6.462999999999999
duração	37.363
duro	32.795
dúvida	85.396
duvidoso	6.3020000000000005
dúzia	30.05
ecológico	7.928999999999999
económico	94.8
economista	14.827
ecossistema	2.545
ecrã	23.494
edição	191.68599999999998
edifício	118.411
editor	34.32
editora	29.928
edredão	0.08800000000000001
educação	167.265
educado	3.4930000000000003
educador	1.094
educativo	14.005999999999998
efectivo	17.113
efeito	127.68299999999999
eficácia	44.358999999999995
eficaz	40.285
eficiência	12.222999999999999
eficiente	8.681000000000001
ego	2.79
egoísta	2.506
eixo	19.81
electricista	1.886
eléctrico	15.702
elefante	4.314
elegante	8.501
eleição	49.347
eleitor	4.718999999999999
eleitorado	31.441999999999997
eleitoral	130.25799999999998
elemento	59.792
elenco	20.064
elevação	8.833
elevador	5.946000000000001
elite	14.72
elogio	10.504000000000001
embaixada	27.91
embaixador	39.474000000000004
embalagem	6.0920000000000005
embaraçado	1.754
embarcação	12.834000000000001
embargo	25.565
embate	9.652999999999999
embraiagem	0.743
embrião	5.691
emergência	34.403
emigração	14.168
emissão	49.0
emoção	24.51
emocional	9.702
empate	41.076
empenhado	10.620999999999999
empenho	18.999000000000002
empregado	5.393
emprego	112.87100000000001
empreitada	14.275
empresa	464.38199999999995
empresário	50.48
empréstimo	28.272
encanto	6.84
encargo	4.47
encéfalo	0.21
encenação	31.159000000000002
encenador	18.687
encerramento	60.847
encontro	290.019
endereço	4.9
endinheirado	0.195
energia	74.77
enérgico	1.827
enfadonho	0.469
enfarte	1.8030000000000002
enfermagem	6.4239999999999995
enfermaria	2.399
enfermeiro	3.278
enfermidade	0.9670000000000001
enferrujado	0.27399999999999997
enfurecido	0.523
engano	8.97
engenheiro	25.906999999999996
engenho	9.922
engraçado	4.573
engrenagem	2.238
enguia	0.655
enjoado	0.235
enorme	91.234
ensaio	23.733
enseada	0.64
ensinamento	0.855
ensino	171.842
entediante	0.42
entendimento	35.688
enterro	4.407
entidade	53.31399999999999
entrada	190.338
entrega	55.683
entrevista	93.637
entusiasmado	4.319
entusiasmo	29.293000000000003
envelope	3.615
envergonhado	2.247
envio	21.035999999999998
enxada	1.3869999999999998
enxame	0.875
enxaqueca	0.562
epidemia	9.419
episódio	34.491
época	206.62099999999998
equilíbrio	43.02
equipa	444.401
equipamento	65.434
equívoco	6.766
erótico	2.325
errado	12.673
erro	52.2
erudito	1.7830000000000001
esboço	4.6610000000000005
escada	8.882
escala	45.8
escalada	11.842
escalão	14.568
escândalo	30.46
escanzelado	0.083
escaravelho	0.322
escasso	6.678
escavação	2.804
escoamento	7.778
escola	198.44799999999998
escolar	38.418
escolha	100.853
escolta	2.9610000000000003
escorbuto	0.322
escorpião	0.987
escotilha	0.45399999999999996
escova	1.089
escravidão	1.446
escravo	2.9210000000000003
escrita	51.608999999999995
escritor	57.681000000000004
escritório	18.413
escriturário	0.498
escrivaninha	0.376
escudo	42.972
escultor	7.973
escultura	18.652
escumalha	0.239
escuro	12.575
esfera	12.883
esfomeado	0.376
esforço	80.862
esgoto	3.4339999999999997
esmagador	1.817
esófago	0.503
espacial	22.965999999999998
espaço	302.642
espada	8.984
espadarte	0.537
espanador	0.034
espanhol	101.855
espantado	3.073
espanto	13.537
espantoso	5.809
espargo	0.078
esparguete	0.498
especial	146.214
espécie	123.8
espectacular	17.836
espectáculo	156.092
espectador	21.93
especulação	12.58
espelho	16.61
espera	193.528
esperança	65.82
esperto	1.5930000000000002
espesso	2.208
espinafre	0.054000000000000006
espingarda	3.923
espinho	19.727
espírito	84.111
espirituoso	0.264
esplanada	8.755
esponja	1.6119999999999999
espora	0.09300000000000001
esposa	14.685
esposo	1.339
espuma	3.957
esquadra	22.028000000000002
esquecimento	10.904000000000002
esquelético	0.215
esquema	26.928
esquilo	0.235
esquina	7.895
esquisito	2.2769999999999997
essência	11.255999999999998
essencial	67.335
estábulo	0.513
estaca	2.9410000000000003
estação	101.645
estádio	48.013000000000005
estado	615.07
estágio	18.799
estagnado	0.8109999999999999
estaladiço	0.10800000000000001
estaleiro	7.5920000000000005
estante	2.35
estatal	23.406
estatística	8.061
estátua	11.603
estatuto	80.408
estável	16.307000000000002
esterco	0.581
esteróide	0.127
estética	18.765
estilo	66.617
estimativa	8.286
estímulo	9.027999999999999
estômago	7.865
estrada	93.046
estrago	0.5670000000000001
estrangeiro	79.87100000000001
estranho	36.083
estratagema	1.8219999999999998
estratégia	120.18
estreia	77.335
estrela	43.074
estridente	1.109
estrondo	2.897
estrume	1.002
estrutura	118.76299999999999
estudante	25.331
estúdio	22.409000000000002
estudo	180.704
estúpido	0.865
esturjão	0.171
etapa	59.821000000000005
eterno	10.523
ética	21.373
ético	4.768
etnia	10.782
étnico	3.9619999999999997
eucalipto	2.907
eufórico	2.062
europeu	134.684
evento	29.355999999999998
eventual	71.82
evidência	19.581
evidente	69.191
evolução	103.061
exacto	9.287
exame	23.943
excelência	17.167
excelente	62.699
excepção	69.221
excepcional	17.402
excessivo	12.624
excesso	35.883
excitação	4.48
excitado	0.992
exclusão	24.769000000000002
excremento	0.08800000000000001
excursão	2.785
execução	61.555
executivo	139.355
exemplar	23.699
exemplo	354.295
exercício	81.47800000000001
exército	97.23299999999999
exibição	40.548
exigência	31.276
exílio	15.682
existência	140.11700000000002
existente	47.207
êxito	60.339
expansão	36.376
expectativa	37.798
experiência	124.772
explicação	38.414
exploração	68.732
explosão	38.233000000000004
explosivo	4.617
exportação	16.879
exposição	169.199
expressão	86.37799999999999
expressivo	4.011
expresso	15.515999999999998
expulsão	20.9
êxtase	2.78
extensão	37.455999999999996
extenso	7.778
exterior	61.658
externo	14.607000000000001
extinção	22.986
extremidade	2.7510000000000003
fã	2.325
fábrica	65.38600000000001
fabricante	9.121
fabrico	21.085
fábula	3.3760000000000003
fabuloso	6.247999999999999
faca	10.039
face	210.446
fachada	11.95
facial	1.026
fácil	109.38799999999999
facilidade	24.314
facto	536.66
factor	45.8
factura	12.13
faculdade	18.359
fadiga	4.167
fado	23.484
faia	0.63
faisão	0.44
faísca	1.089
faixa	26.566999999999997
falcão	5.242000000000001
falência	23.318
falha	17.089000000000002
falhado	8.823
falhanço	8.75
falido	1.358
falso	19.38
falta	317.127
fama	17.827
família	185.31599999999997
familiar	44.501000000000005
faminto	0.489
famoso	27.119
faneca	0.35700000000000004
fantasia	10.543
fantasma	13.669
fantástico	10.425
fardo	3.1710000000000003
farinha	8.515
farmacêutico	3.444
farmácia	6.678
faro	28.75
farol	4.0889999999999995
farolim	0.18100000000000002
fascismo	10.302999999999999
fase	223.368
fatal	15.579
fatia	14.373
fatigado	0.889
fato	12.673
favela	0.9329999999999999
favor	112.55799999999999
favorito	14.466
fé	42.42
febre	12.165
fechado	23.435
fecho	45.346000000000004
federação	57.373999999999995
federal	28.589000000000002
fedor	0.41
fedorento	0.122
feijão	4.851
feio	4.934
feira	67.706
feitiço	1.891
felicidade	17.68
felino	0.322
feliz	40.119
feminino	35.253
fenda	1.4709999999999999
feno	0.772
fenómeno	51.907
feriado	1.324
férias	79.079
ferida	9.355
ferido	20.689
ferimento	1.993
feroz	7.851
ferramenta	3.386
ferro	42.208999999999996
festa	111.117
festival	63.528999999999996
festivo	2.755
fétido	0.327
fiança	1.817
fibra	4.89
ficção	31.574
ficha	7.704
ficheiro	6.244
fidelidade	13.918
fiel	21.486
figo	10.479000000000001
figura	99.85700000000001
figurino	5.95
fila	15.648
filho	104.844
filme	231.52599999999998
filosofia	39.029
filtro	2.36
fim	486.26800000000003
final	566.759
finalidade	11.613
finança	1.798
financeiro	64.086
fino	8.392999999999999
fio	22.697
firma	20.308
firmamento	1.651
firme	22.155
fiscal	64.34
fiscalização	37.650999999999996
fisco	11.525
físico	23.66
fita	9.595
fixação	16.067999999999998
flácido	0.098
flamingo	0.151
flauta	5.369
flecha	3.6689999999999996
flexível	6.322
flor	13.327
floresta	24.095
florestal	12.399000000000001
fluxo	10.079
foca	1.685
foco	12.883
fogão	2.648
fogo	83.916
foguetão	6.82
foguete	1.4169999999999998
fôlego	10.968
folha	18.784000000000002
folheto	5.154
folho	0.049
fome	41.589
fonte	151.607
força	197.94
forçado	12.472000000000001
forma	693.6360000000001
formação	197.68099999999998
formal	32.463
formato	17.832
formiga	1.7
formoso	1.4069999999999998
fórmula	45.395
fornecimento	19.649
forno	9.863999999999999
forte	186.90900000000002
fortuna	13.772
fórum	39.019
fotografia	48.63399999999999
fotográfico	4.793
fotógrafo	11.539000000000001
fracasso	21.408
fraco	21.221999999999998
fragância	0.02
frágil	14.07
fragmento	3.117
francês	151.39700000000002
franco	14.988
franja	2.081
fraqueza	9.677999999999999
frasco	1.9880000000000002
frase	39.024
fraude	18.281
freira	2.164
frenético	2.194
frente	343.07800000000003
frequência	34.085
frequente	15.545
fresco	13.039000000000001
frigideira	1.217
frigorífico	4.011
frio	33.211
fronteira	59.06399999999999
frota	20.714000000000002
frouxo	0.845
frustração	8.823
frustrado	3.1319999999999997
fruta	9.722000000000001
fruto	24.427
fuga	47.251000000000005
fugidio	0.366
fumo	17.084
funcionário	39.156
fundação	40.373000000000005
fundamental	74.125
fundamento	13.62
fundo	163.33700000000002
funeral	12.619000000000002
fungo	0.816
funil	0.875
furacão	2.6919999999999997
furão	0.17600000000000002
furgão	0.445
fúria	11.495
furioso	4.03
furto	11.51
fusão	28.281
futebol	228.91299999999998
futebolista	16.107
futuro	268.606
fuzil	0.11699999999999999
gado	18.398
gafanhoto	0.215
gaio	0.166
gaiola	1.925
gaivota	0.879
gala	7.537999999999999
galé	0.244
galeria	27.221
galinha	5.643
galinhola	0.078
galo	3.576
gama	1.002
gancho	0.997
ganga	2.765
gangrena	0.762
ganho	31.789
ganso	0.5720000000000001
garantia	51.023
garfo	1.348
garganta	6.497999999999999
garnisé	0.034
garoupa	0.503
garrafa	10.43
gasolina	21.421999999999997
gasto	11.446
gástrico	0.298
gato	11.012
gatuno	0.445
gaveta	7.5329999999999995
gavião	0.85
gazela	0.327
gel	1.324
gelado	3.62
gelatina	0.889
geleia	0.562
geleira	0.078
gelo	13.327
gémeo	1.554
gene	10.929
género	64.306
generoso	6.0920000000000005
genial	7.284
génio	15.829
gente	217.76
gentil	3.219
genuíno	3.781
geração	54.92100000000001
geral	273.17900000000003
germes	0.762
gestão	168.002
gesto	36.953
gestor	16.063
gigante	18.066
ginasta	0.865
ginja	0.10300000000000001
girafa	0.425
girassol	1.7830000000000001
giro	2.516
giz	0.757
glaciar	0.86
global	83.198
glória	19.234
goiaba	0.054000000000000006
golfe	20.89
golfinho	1.314
golo	103.73100000000001
golpe	48.388999999999996
goraz	0.23
gordo	4.465
gordura	4.558
gorila	0.581
gótico	1.256
governação	12.169
governador	59.191
governante	19.4
governo	847.955
gozo	8.911
graça	28.149
gráfico	9.829
gralha	1.138
granada	5.97
grande	809.585
grandeza	13.298
grandioso	2.516
granito	5.853
grão	5.789
gratidão	3.855
grato	2.34
gratuito	7.773
grau	41.858000000000004
gravata	6.825
grave	87.96600000000001
gravidade	28.408
gravidez	16.962
gravilha	0.415
gravura	3.708
graxa	0.396
grelha	16.605
grelhador	0.191
greve	95.225
grilo	1.7690000000000001
grito	12.477
groselha	0.147
grosseiro	2.086
grosso	11.725
grupo	540.451
guarda	64.35
guerra	303.883
guerrilha	22.087
gueto	1.617
guia	19.986
guião	5.345
guilhotina	0.9229999999999999
guincho	2.775
guitarra	23.279
guloso	0.552
habilidade	6.879
habilidoso	0.6940000000000001
habitação	63.549
habitante	7.567
hábito	20.948
habitual	57.001999999999995
hambúrguer	0.02
harpa	2.198
haxixe	11.163
helicóptero	14.622
herança	21.373
herdeiro	10.264000000000001
hereditário	0.708
hérnia	0.62
herói	24.241
heróico	2.5989999999999998
heroína	26.752
hesitante	2.335
hidroavião	0.27899999999999997
hiena	0.977
hierarquia	17.529
higiene	13.767000000000001
higiénico	1.666
hino	10.274000000000001
hipocrisia	10.782
hipopótamo	0.445
hipótese	122.539
história	323.943
histórico	64.457
homem	319.355
homenagem	46.059
homicida	0.767
homicídio	22.066999999999997
honesto	5.138999999999999
honra	43.621
hóquei	14.265
hora	215.99599999999998
horário	35.131
horizontal	4.939
horizonte	25.36
horror	12.975999999999999
horta	8.193
hortaliça	0.625
hortelã	0.909
hospedeiro	1.168
hospital	104.459
hostil	6.605
hostilidade	6.107
hotel	49.601000000000006
humanidade	27.075
humanitário	5.745
humano	48.927
humidade	8.921
húmido	3.088
humilde	6.82
humor	31.789
humorístico	1.124
iate	8.095
idade	111.49799999999999
ideal	39.093
ideia	248.083
identidade	53.07899999999999
ideologia	14.353
idiota	1.8130000000000002
ídolo	4.309
idoso	4.607
ignorância	13.277999999999999
igreja	110.961
igual	73.143
igualdade	37.06
iguana	0.11699999999999999
iguaria	0.474
ilegal	32.854
ilha	71.756
ilícito	4.28
ilimitado	2.081
ilusão	14.07
ilustre	6.796
imagem	171.97400000000002
imaturo	0.27899999999999997
imbecil	1.187
imediato	24.826999999999998
imenso	25.448
imigrante	2.452
iminente	10.196
imoral	2.6630000000000003
imortal	3.943
imóvel	24.851999999999997
impaciente	2.291
impacto	36.718
imparável	5.535
imparcial	2.536
impensável	7.352
imperador	10.162
imperativo	2.115
imperdoável	2.4130000000000003
império	37.945
importação	17.69
importância	130.751
importante	251.39
impossível	65.146
imposto	41.565
impostor	0.34700000000000003
impotente	4.172
impraticável	2.184
imprensa	215.502
impressão	27.954
imprevisto	2.716
imprudente	0.894
impulso	14.001
imundice	0.044000000000000004
imundo	0.606
imunidade	6.077000000000001
inato	0.484
inauguração	41.848
incapaz	18.012
incêndio	52.205
incentivo	9.424
incerteza	11.847000000000001
incessante	2.8289999999999997
inchaço	0.425
incidência	16.249000000000002
inclinação	4.988
inclinado	2.8139999999999996
incoerente	1.3530000000000002
incómodo	8.73
incompetente	2.614
incompleto	2.472
inconsciente	5.775
inconstante	0.9229999999999999
incorrecto	2.76
incrível	11.124
indefeso	0.782
indemnização	26.635
independente	60.363
indicação	18.613
indicador	17.9
índice	123.306
indício	4.9239999999999995
indiferença	13.855
indiferente	14.817
índio	2.917
indiscreto	0.46399999999999997
indivíduo	44.3
indolente	0.366
indústria	110.243
industrial	71.546
infalível	1.7730000000000001
infância	34.07
infantário	2.775
infante	6.317
infecção	11.020999999999999
infeliz	11.979000000000001
inferior	48.448
inferno	13.674000000000001
infiel	1.124
inflamado	1.319
influência	67.643
informação	214.34
ingénuo	3.9330000000000003
íngreme	1.114
início	318.35400000000004
inimigo	24.485
injusto	8.266
inocência	12.550999999999998
inocente	13.449000000000002
inovação	17.289
inquérito	90.706
inquieto	3.034
insecto	1.598
inseguro	1.949
insípido	0.489
insolente	0.948
inspecção	18.423
inspiração	20.348
inspirado	9.316
instalação	80.78399999999999
instantâneo	1.4269999999999998
instável	5.711
instituição	109.76899999999999
instituto	43.074
instrução	20.279
insucesso	9.687999999999999
insuficiente	17.319000000000003
insulto	4.314
intelecto	0.635
intelectual	22.82
inteligência	21.276
intenção	93.07600000000001
intensidade	20.87
intensivo	2.506
intenso	17.68
interesse	149.33
interesseiro	0.327
interior	141.025
interlocutor	9.497
intermédio	13.039000000000001
interminável	4.646
interno	42.146
intérprete	13.664000000000001
intervalo	41.568999999999996
intervenção	205.014
intestino	1.8419999999999999
íntimo	7.934
intrometido	0.2
intruso	1.226
inundação	2.365
inútil	11.569
invasão	25.878
invasor	1.4069999999999998
inveja	8.295
inverno	34.798
investigação	122.227
investimento	150.82
invulgar	8.857000000000001
ioga	1.431
iogurte	0.958
ira	4.949
irmão	47.227
ironia	20.919
irónico	6.307
irritado	4.211
isco	1.3
isenção	14.011
isqueiro	1.275
italiano	72.372
item	2.052
itinerário	1.4169999999999998
jaguar	1.265
janela	25.379
jangada	1.2209999999999999
jantar	49.801
jardim	53.001000000000005
jardineiro	1.314
jarro	0.596
javali	1.344
jazz	51.472
jeito	139.14
jipe	5.569
joaninha	0.987
joelho	9.199
jogada	16.83
jogador	104.229
jogo	402.75800000000004
jóia	4.9239999999999995
jornada	106.12
jornal	178.13400000000001
jornalista	80.169
jovem	146.175
jovial	1.217
judaico	7.23
judeu	12.888
juiz	71.18
juízo	12.619000000000002
junta	61.575
júri	37.441
jurista	9.189
juro	75.738
justiça	131.15200000000002
justificação	22.585
justo	22.340999999999998
juvenil	14.235999999999999
juventude	49.997
kiwi	0.557
labareda	0.542
lábio	1.256
laboral	17.49
laboratório	22.522
laço	3.117
lacuna	4.602
lado	567.707
ladrão	5.837999999999999
lagartixa	0.083
lagarto	1.163
lago	11.383
lagoa	8.802999999999999
lagosta	1.954
lagostim	0.45399999999999996
lágrima	2.2769999999999997
lama	10.67
lamacento	0.249
lamentável	11.134
lâmina	2.58
lâmpada	2.487
lampreia	2.516
lança	27.739
lançamento	73.52
lancha	2.531
lanterna	2.545
lápis	4.626
lar	16.688
laranja	10.797
lareira	3.327
largo	38.296
largura	10.176
larva	0.542
lascivo	0.215
lata	7.3870000000000005
lateral	10.538
lazer	17.455
leal	6.82
lealdade	5.882000000000001
leão	6.781000000000001
lebre	3.513
lectivo	25.497
legal	55.063
legenda	6.019
legião	3.42
legislação	76.568
legislativo	11.578
lei	306.981
leilão	24.197
leite	26.474
leitor	33.694
leitura	71.736
lenço	5.687
lenda	13.147
lento	14.665999999999999
leopardo	0.884
lepra	1.646
lesão	21.935
lésbica	0.762
lesma	0.337
letra	18.247
levedura	0.528
libélula	0.064
liberal	23.894000000000002
liberdade	129.08100000000002
libertação	39.523
libertador	1.383
libra	14.466
licença	27.182
licenciado	4.289
licor	1.348
líder	277.23400000000004
liderança	76.607
liga	75.08800000000001
ligação	98.47399999999999
ligadura	0.18100000000000002
ligeiro	21.574
lima	0.41
limão	4.289
limitação	10.782
limite	50.275
limpeza	38.79
lince	1.173
lindo	4.587
língua	86.241
linguado	1.348
linguagem	45.238
linha	163.415
líquido	23.425
lírio	0.943
liso	1.187
lista	168.105
literário	11.056
litoral	23.865
litro	7.5329999999999995
livraria	8.212
livre	101.596
livro	180.093
lixeira	11.197000000000001
lixo	40.431
lobo	5.037
local	437.532
localidade	35.077
localização	32.375
lodo	2.545
lógico	8.085
loiro	1.5190000000000001
loja	29.234
longo	235.767
lontra	0.8009999999999999
lotaria	4.324
louco	8.515
loucura	13.147
lua	20.89
lúcido	1.974
lucrativo	2.286
lucro	20.430999999999997
lúdico	3.4589999999999996
lugar	450.07199999999995
lula	0.259
lume	11.275
luminoso	4.128
luta	183.42
luva	3.361
luxo	25.326
luz	144.382
maçã	3.239
macaco	3.342
maçaneta	0.127
maçarico	0.46399999999999997
machado	6.19
macho	2.428
maciço	5.1739999999999995
macio	1.705
madeira	37.046
madrugada	58.053000000000004
mãe	106.164
maestro	21.221999999999998
mágico	7.621
magistral	2.2569999999999997
magnético	2.965
magnífico	8.564
magro	5.135
maionese	1.036
maior	562.514
mala	7.597
malabarismo	0.8009999999999999
malandro	1.5830000000000002
malária	3.415
maldito	2.721
malévolo	0.254
malícia	1.656
malicioso	0.64
malmequer	0.27399999999999997
maluco	1.055
malvado	0.762
mama	5.13
mamilo	0.122
mancha	10.23
mandatário	4.303999999999999
mandato	82.92399999999999
mandrião	0.09300000000000001
maneira	144.509
manequim	1.7690000000000001
manga	5.457000000000001
manhã	181.11
manhoso	0.45399999999999996
maníaco	0.625
manifestação	56.913999999999994
manifesto	16.166
manobra	24.846999999999998
mansão	3.068
manso	1.847
manteiga	8.1
manual	10.142000000000001
mão	147.44
mapa	25.491999999999997
maqueta	2.306
máquina	49.81100000000001
mar	125.81200000000001
maracujá	0.23
maravilhado	1.075
marca	90.389
marcador	23.616
marceneiro	0.684
marcha	36.494
maré	11.046
margem	79.045
maricas	0.611
marido	48.403999999999996
marmelo	0.215
marmota	0.064
marreta	0.132
martelo	5.422999999999999
máscara	7.7379999999999995
mascote	2.032
massa	36.049
massacre	25.658
mastro	3.781
mata	24.186999999999998
matemática	18.476
matéria	144.02
material	82.86
matraca	0.235
matriz	8.369
mau	78.835
máximo	85.04899999999999
mecânico	6.058
mecanismo	18.999000000000002
medalha	23.581999999999997
média	139.75
mediano	0.855
medicina	25.795
médico	83.75399999999999
medida	159.512
médio	62.738
medo	80.491
medonho	1.109
medroso	0.342
megalómano	1.2409999999999999
meia	101.449
meio	329.76099999999997
mel	6.5760000000000005
melancia	2.286
melancolia	5.784
melão	1.993
melga	0.215
melhor	482.88699999999994
melhoria	42.063
meloa	0.147
melodia	4.5969999999999995
melódico	1.192
melro	0.5670000000000001
membro	87.26700000000001
memória	85.62100000000001
mendigo	1.202
menino	15.745999999999999
menor	75.957
mensal	17.617
mental	16.732
mentalidade	10.264000000000001
mente	12.741
mentira	15.672
mentiroso	2.184
mercado	417.849
mercadoria	5.916
merenda	0.9670000000000001
mergulhador	0.958
mérito	24.686
mês	291.509
mesa	92.211
mesquinho	1.3969999999999998
mestre	28.666999999999998
meta	26.801
metade	104.73200000000001
metal	14.573
método	34.442
metralhadora	3.5269999999999997
metro	46.543
milagre	18.574
milénio	14.124
milhafre	0.35200000000000004
milhão	8.134
milhar	3.3169999999999997
milho	10.684000000000001
milícia	5.622999999999999
milionário	6.672999999999999
militar	155.67700000000002
mina	12.199000000000002
minhoca	0.484
mínimo	88.04899999999999
ministério	84.868
ministro	432.666
minoria	21.901
minucioso	1.7830000000000001
minúsculo	2.208
minuto	30.006
miolo	3.503
miséria	20.776999999999997
missão	87.184
míssil	3.19
mistério	22.125999999999998
misterioso	6.273
místico	2.032
mistura	26.625
mítico	6.141
mito	17.309
miúdo	8.286
mobiliário	13.386
mobilidade	9.912
mochila	1.9880000000000002
mocho	0.953
moda	40.739000000000004
modelo	109.803
moderado	12.634
moderno	20.455
modesto	9.663
modificação	6.62
modo	247.174
módulo	6.224
moeda	83.32
moinho	3.5610000000000004
mola	1.979
molde	4.739
moldura	3.1319999999999997
molécula	2.9610000000000003
momento	335.159
monarquia	11.144
monstro	7.46
montanha	21.451999999999998
montante	7.02
monte	20.909000000000002
moral	51.457
morango	0.723
mórbido	0.8109999999999999
morcego	0.826
mordomo	1.568
moreia	0.147
morgue	3.327
morsa	0.049
mortal	14.583
morte	243.68099999999998
morto	53.285
mosca	2.135
mosquito	1.226
mostarda	1.314
mostra	104.478
mota	2.9560000000000004
motim	2.7510000000000003
motivo	57.872
motocicleta	0.249
motor	35.902
motorista	15.765
motorizada	1.27
móvel	8.568999999999999
movimentado	2.677
movimento	173.06799999999998
muco	0.474
mudança	92.147
muleta	2.1590000000000003
mulher	207.002
multa	18.242
multidão	29.311999999999998
múmia	0.894
mundial	148.231
mundo	431.74699999999996
municipal	74.721
munícipe	2.282
município	80.071
muralha	6.457999999999999
murmúrio	1.5730000000000002
muro	21.256
musculado	0.831
músculo	2.003
museu	55.297
musgo	0.987
música	256.124
músico	18.823
mutação	4.534
nabiça	0.059000000000000004
nabo	0.523
nacional	406.324
naco	1.041
nadador	1.8319999999999999
namorado	5.178999999999999
namoro	4.939
narciso	9.082
narcótico	0.239
nariz	13.508
nascimento	27.171999999999997
natal	15.267000000000001
natural	116.491
natureza	99.265
náusea	0.8109999999999999
navalha	4.123
nave	8.628
navio	32.849000000000004
neblina	1.3869999999999998
necessário	149.76
necessidade	188.93599999999998
néctar	0.816
negativo	31.892
negligência	10.298
negociação	38.966
negociante	1.764
negócio	97.06700000000001
negro	51.76
néon	1.021
nervoso	9.892999999999999
neurótico	0.45
neutrão	0.215
neutro	2.946
neve	20.484
nevoeiro	7.992000000000001
ninho	3.8989999999999996
níquel	0.845
nítido	3.542
nível	298.08
nó	18.892
noção	23.45
noite	372.796
noiva	7.147
nome	313.503
nomeação	33.141999999999996
norma	18.305
normal	61.077
norte	144.391
nota	84.57
notável	26.225
notícia	80.447
novela	11.460999999999999
novo	619.9259999999999
nu	10.855
nublado	1.226
nuclear	32.532
núcleo	45.282
nulo	8.061
numerário	1.217
número	397.36400000000003
numeroso	3.508
nupcial	0.708
nuvem	7.45
obediência	5.52
obesidade	1.8659999999999999
obeso	0.425
objectivo	231.082
objecto	72.313
obra	272.578
obsceno	1.3
obscuro	3.83
observação	24.846999999999998
observador	8.29
observável	1.4069999999999998
obsessão	7.978
obstáculo	14.562999999999999
óbvio	25.276999999999997
ocasião	61.878
ocaso	1.48
oceano	16.366
ocidental	35.209
oco	0.708
óculos	12.091
oculto	3.049
ocupação	46.245
ocupado	21.647
ocupante	3.7910000000000004
ódio	16.166
ofegante	0.8109999999999999
ofensivo	7.416
oferta	60.744
oficial	139.995
oficina	9.307
ofício	13.728
oficioso	2.062
óleo	11.305
olho	19.585
ombro	9.697000000000001
onça	0.982
onda	32.053000000000004
ondulante	0.552
opção	71.385
operador	16.776
opinião	210.954
oportunidade	107.67299999999999
oposição	178.643
opositor	6.9079999999999995
oposto	14.285
óptica	13.625
optimismo	24.671
opulento	0.313
oração	8.461
orador	7.861000000000001
orangotango	0.09300000000000001
órbita	12.248
orçamento	116.867
ordem	204.955
ordenado	14.773
ordenamento	21.237
ordinário	2.208
orelha	4.529
organismo	60.7
organização	214.49599999999998
órgão	62.782
orgasmo	1.202
orgulho	25.096
orgulhoso	5.5889999999999995
orientação	36.513000000000005
orientador	2.12
orifício	0.777
origem	156.556
originário	2.946
ornitorrinco	0.039
orquestra	34.784
orquídea	0.27399999999999997
osso	6.439
ostra	0.28800000000000003
ouriço	0.205
ouro	72.372
outono	17.988
ouvido	34.681
oval	1.974
ovelha	3.161
ovo	7.3229999999999995
pá	9.746
paciente	7.416
pacífico	9.639
pacote	32.321999999999996
padeiro	1.324
padrão	12.248
padre	61.16
pagamento	95.689
página	127.12700000000001
pai	129.877
painel	18.178
país	757.82
paisagem	32.248000000000005
paixão	35.214
palácio	30.401999999999997
palavra	102.822
palco	87.90700000000001
palestra	4.074
palhaço	3.2489999999999997
pálido	3.005
palma	1.202
palmada	0.777
pancada	5.266
panda	0.26899999999999996
pandeireta	0.235
panela	2.594
panfleto	3.009
pânico	16.547
pano	19.512
panorâmico	1.065
pântano	1.6269999999999998
pantera	0.748
pão	28.316
papa	40.641
papagaio	1.6369999999999998
papaia	0.151
papel	223.91
papeleira	0.782
papoila	0.528
par	76.124
parafuso	0.782
paragem	19.468
paraíso	12.502
paralelo	22.116
paralisia	3.9960000000000004
parâmetro	0.997
parasita	1.959
parcela	11.642000000000001
pardal	0.7909999999999999
parede	25.057
pargo	0.36200000000000004
parlamentar	102.954
parlamento	133.966
paróquia	6.971
parque	85.20100000000001
parte	841.5210000000001
parteira	0.655
participação	175.946
particular	107.204
partida	146.17
partido	372.166
páscoa	0.381
passado	552.933
passageiro	5.779
passagem	116.789
pássaro	3.972
passeio	25.921999999999997
passivo	14.425999999999998
passo	94.307
pasta	28.135
pastelaria	2.5839999999999996
pasteleiro	0.45399999999999996
pastor	10.337
patente	40.28
pateta	0.977
pato	2.907
patrão	22.281999999999996
pátria	25.345
património	82.66
patriota	1.5490000000000002
patriótico	1.944
patrocínio	9.844
patrono	3.298
patrulha	6.19
pau	8.041
pausa	9.145
pavão	0.601
pavilhão	46.074
paz	196.826
pé	89.006
peça	94.815
pecado	11.945
pecaminoso	0.195
peçonha	0.303
pedaço	7.567
pedido	122.109
pedra	46.986999999999995
pedrado	0.156
pedreira	4.177
peito	24.241
peixe	39.185
pele	34.114000000000004
pelicano	0.215
pelotão	17.407
pena	120.8
penalidade	10.162
penca	0.09300000000000001
penedo	1.046
penetrante	1.314
pénis	2.912
pensamento	35.858000000000004
pensão	12.437999999999999
pensativo	0.9279999999999999
pente	2.892
pepino	0.5770000000000001
pepita	0.142
pequeno	114.68799999999999
pêra	2.057
percentagem	38.638000000000005
percurso	73.94
perda	50.583
perdão	14.094000000000001
perdido	51.716
perdiz	1.3730000000000002
perfeição	10.474
perfeito	19.849
perfil	25.497
perfume	6.561
pergunta	69.988
perigo	78.464
perigoso	21.305
período	236.417
periquito	0.171
perito	5.989
permanência	22.355
perna	13.957
pérola	2.399
persistente	7.357
personagem	54.183
perspectiva	68.072
perspicaz	0.777
perturbação	7.709
peru	0.9179999999999999
pervertido	0.28300000000000003
pesadelo	11.915
pesado	21.256
pesaroso	0.493
pesca	36.069
pescada	3.014
pescador	7.499
pescoço	14.593
peso	98.97200000000001
pesquisa	38.785
pêssego	0.655
pessimismo	8.242
péssimo	5.037
pessoa	121.96799999999999
pessoal	143.781
peste	5.55
pétala	0.166
petardo	0.254
petição	10.919
petróleo	37.309
piada	6.419
piano	33.738
pico	8.119
piedade	6.5120000000000005
pigmeu	0.171
pijama	1.177
pila	0.049
pilha	1.7730000000000001
piloto	44.051
pimenta	8.628
pimento	0.7959999999999999
pincel	1.656
pinguim	0.239
pinhal	7.122999999999999
pinheiro	5.012
pinta	3.2680000000000002
pintainho	0.083
pintassilgo	0.235
pintor	26.239
pintura	59.693999999999996
piolho	0.293
pior	93.921
piquete	2.721
pirâmide	4.045
piranha	0.254
pirata	3.303
piscina	18.652
piso	21.833000000000002
pista	49.283
pistola	14.163
planeta	30.294
planície	4.543
plano	217.96
planta	7.7379999999999995
plantação	4.255
plasma	2.316
plástico	20.773000000000003
plateia	16.262999999999998
plenário	32.732
pleno	36.318000000000005
plural	4.045
pneu	2.721
pó	15.535
pobre	40.641
pobreza	31.921
poço	7.582000000000001
poder	433.926
poderoso	16.815
podre	3.591
poeira	6.9670000000000005
poema	17.885
poesia	45.11600000000001
poético	5.452000000000001
polar	1.959
polegada	0.601
polegar	1.431
polícia	215.229
policial	39.083
política	701.502
político	203.572
pólo	19.512
poltrona	1.104
poluição	30.641
polvo	3.3369999999999997
pomar	2.086
pomba	1.7930000000000001
pónei	0.151
ponta	34.227
pontapé	11.255999999999998
ponte	89.421
ponto	282.97900000000004
pontuação	4.426
pontual	7.152
popa	2.506
população	223.627
popular	92.411
póquer	0.669
porcaria	2.785
porco	10.533
pormenor	29.825
porta	118.773
portagem	10.772
portão	5.687
porteiro	3.215
porto	51.76
português	372.723
pose	5.794
posição	288.094
positivo	48.824
possível	344.71
posto	98.059
postura	29.732
potência	26.713
potente	5.827999999999999
poupança	14.93
povo	161.61700000000002
povoação	14.880999999999998
pradaria	0.396
praia	64.858
prateleira	2.653
prática	135.217
prático	8.584
prato	12.98
prazer	36.455
prazo	185.472
precipício	1.6019999999999999
preciso	174.187
preço	132.96
prédio	30.333000000000002
prefácio	5.721
prego	1.72
preguiçoso	0.787
prejudicial	5.428
prejuízo	24.099
prémio	69.167
prenda	6.131
preocupação	79.719
preocupado	32.688
preparação	60.354
presença	213.74900000000002
presente	132.071
presidência	117.649
presidente	973.029
preso	33.211
pressa	16.508
pressão	83.789
pressuposto	1.871
prestação	37.754
prestigiante	0.748
prestígio	26.747
presunçoso	0.13699999999999998
preto	25.686999999999998
prévio	13.777000000000001
primavera	21.221999999999998
primitivo	3.806
principal	211.71599999999998
príncipe	21.833000000000002
princípio	168.11900000000003
prioridade	37.358000000000004
prisão	119.046
privacidade	7.269
privado	54.276
privatização	52.684
privilégio	10.914000000000001
problema	312.457
problemático	2.878
procedimento	18.32
processo	494.339
procura	147.171
prodigioso	1.554
produção	212.347
produto	75.85
proeza	10.191
professor	100.321
profissão	36.034
profissional	107.917
profundidade	19.097
programa	333.645
progresso	28.261999999999997
proibição	23.968000000000004
projecto	448.46
promessa	37.241
promoção	54.037
promotor	7.127999999999999
pronto	42.858999999999995
propaganda	27.974
propenso	0.489
propina	4.2010000000000005
proporção	10.293
proporcional	7.377000000000001
propósito	91.68299999999999
proposta	265.128
propriedade	50.133
proprietário	39.659
prosa	7.68
prosperidade	7.079
prostituta	3.7760000000000002
protecção	79.915
protegido	6.869
proteína	5.271
prova	233.735
provação	0.8109999999999999
proveito	9.297
proveitoso	1.089
proveta	0.244
província	45.976000000000006
provocador	1.69
proximidade	20.069000000000003
próximo	296.839
prudente	8.647
psicólogo	3.7910000000000004
publicidade	53.114
público	842.3610000000001
pudim	1.212
pugilista	1.5190000000000001
pulga	0.523
pulmão	4.372
púlpito	1.4409999999999998
pulsação	0.777
pulseira	1.075
pulso	6.047999999999999
punhado	5.452000000000001
punhal	1.646
punho	7.216
puro	20.576999999999998
pus	3.83
putrefacto	0.17600000000000002
quadra	5.832999999999999
quadrado	8.207
quadro	137.879
qualidade	217.955
quantia	16.0
quantidade	48.658
quartel	19.6
quarto	103.179
quebra	51.096000000000004
quebrado	4.226
queda	90.301
queijo	11.705
queimado	3.517
queimadura	0.391
queixa	55.331
queixo	2.8819999999999997
quente	28.325
queque	0.225
querido	9.331
questão	370.666
quieto	1.94
quilate	0.557
quilómetro	12.927
químico	6.102
quinta	45.193999999999996
rã	1.192
rabanete	0.083
rabo	4.91
raça	16.727
raciocínio	8.545
racional	8.344
racismo	20.401
racista	7.513999999999999
radiação	6.037999999999999
radiador	0.36200000000000004
radiante	2.531
radical	30.366999999999997
rádio	80.467
raia	2.496
rainha	26.058000000000003
raio	10.982000000000001
raiva	8.877
raiz	17.441
rameira	0.049
ramo	23.499000000000002
rançoso	0.142
rapariga	22.878
rapaz	33.758
rapidez	15.404000000000002
rápido	42.893
raposa	2.521
rapto	7.69
raquete	0.195
raro	15.505999999999998
raso	1.006
rasto	8.496
rato	10.587
razão	173.928
razoável	22.639
reacção	53.016000000000005
real	108.01
realidade	144.782
realista	12.389000000000001
realização	145.911
realizador	46.284
rebelde	9.355
reboque	4.109
rebuçado	0.645
rebuliço	0.396
recado	10.513
receio	26.923000000000002
receita	28.614
recente	113.208
receoso	1.319
receptivo	2.106
rechonchudo	0.127
recife	0.36200000000000004
recinto	31.545
recipiente	2.0669999999999997
recital	11.842
reclamação	6.62
recluso	0.835
recolha	38.233000000000004
recomendável	2.472
recompensa	4.876
recordação	7.157
recordações	10.948
recreio	10.068999999999999
rectangular	1.319
recuperação	113.57
recuperável	0.826
recurso	72.38600000000001
recusa	61.653
rede	137.987
redondo	4.729
redução	106.41799999999999
reembolso	5.77
refeito	1.27
refém	4.788
referendo	91.49799999999999
reflexão	40.866
reflexo	3.742
reforço	65.86399999999999
reforma	101.806
refresco	0.381
refrigerante	0.596
regador	0.166
regata	9.732000000000001
região	295.647
regime	184.09
regional	102.944
registo	50.523999999999994
regra	39.283
regresso	114.346
régua	6.087000000000001
regulamento	32.522
rei	64.36
reino	23.171
reitor	21.584
relação	349.283
relâmpago	2.418
relance	1.412
relato	12.99
relaxado	0.401
relevante	15.457
relevo	19.234
religião	30.621
relíquia	1.754
relógio	15.804
relva	8.906
relvado	17.04
remate	27.934
remédio	8.838
remendo	0.503
remoto	3.4
remuneração	10.675
renda	11.622
renovação	35.297
rentável	6.761
repartição	11.583
repetição	16.503
repetitivo	1.187
repleto	3.542
réplica	7.962999999999999
repolho	0.18600000000000003
reportagem	24.261
repórter	10.919
réptil	0.591
repugnante	1.646
reserva	37.861
reservado	15.912
reservatório	3.4539999999999997
resíduo	1.07
resistente	3.5610000000000004
respectivo	31.125
respeitador	0.894
respeitável	4.348
respeito	145.339
respiração	7.836
responsável	278.225
resposta	182.101
restante	22.634
restaurante	38.809
resto	143.33100000000002
restos	15.907
restrito	8.926
resultado	203.729
resultante	16.781
resumo	11.28
retirada	45.458
retorno	13.732999999999999
retrato	25.409000000000002
reunião	308.10900000000004
reversível	0.821
revestimento	3.18
revisão	82.206
revista	97.16
revolta	27.353
revólver	2.6719999999999997
riacho	0.596
ribeiro	1.871
rico	19.214000000000002
ridículo	12.13
rígido	5.0169999999999995
rigoroso	12.453
rim	1.3530000000000002
rinoceronte	1.031
rio	99.124
riqueza	31.52
risco	142.779
riso	9.092
ritmo	71.321
ritual	12.863
robalo	1.129
robe	0.391
rocha	7.074
roda	17.695
rodagem	13.918
rola	1.329
roldana	0.293
rolha	1.344
roliço	0.10300000000000001
rolo	2.369
romã	0.195
romance	47.613
romântico	7.053999999999999
rombo	1.402
rosa	12.863
roseira	0.327
rosto	39.0
rotina	13.547
roupa	25.194000000000003
roupão	0.762
roupeiro	0.337
rouxinol	0.889
rua	121.845
rude	4.695
ruído	16.312
ruidoso	1.348
ruína	8.29
rumo	29.258000000000003
rural	25.174
rústico	1.6219999999999999
sábado	143.707
sábio	4.587
sabor	19.991
sabre	0.6990000000000001
sacerdote	7.752999999999999
saco	16.078
sacrifício	13.835
safira	0.239
sagaz	0.5670000000000001
sagrado	10.587
saia	9.971
saída	110.228
sal	16.898
sala	131.694
salada	3.127
salão	20.840999999999998
salário	28.77
salgalhada	0.10300000000000001
saliência	0.767
saliente	4.734
salmão	2.282
salsa	5.159
salsicha	0.415
saltitante	0.376
salvador	2.838
salvamento	6.6339999999999995
sanção	5.2860000000000005
saneamento	25.78
sangrento	3.21
sangue	73.76899999999999
sanita	0.899
sanitário	10.474
santo	17.367
santuário	10.504000000000001
sapateira	0.27899999999999997
sapateiro	1.754
sapatilha	0.10300000000000001
sapato	2.7310000000000003
sapo	1.676
sarampo	1.099
sarcástico	0.9329999999999999
sardinha	8.217
satisfação	26.146
satisfatório	2.594
satisfeito	34.969
saudação	3.991
saudade	11.168
saudável	13.21
saúde	213.627
sável	1.2309999999999999
saxofone	3.855
sé	10.600999999999999
sebo	0.6890000000000001
seca	20.748
secador	0.322
secção	60.417
seco	10.963
secretária	26.879
secretário	168.584
secreto	13.322000000000001
sector	231.707
século	186.55700000000002
secundário	34.236999999999995
seda	6.322
sede	117.48299999999999
sedutor	1.69
segredo	39.385999999999996
segundo	796.605
segurança	264.86400000000003
seguro	42.931999999999995
seio	36.665
selo	8.628
selvagem	9.331
semana	415.36699999999996
semanal	13.552
semelhança	38.272
semente	3.21
semestre	32.468
seminário	28.423000000000002
senado	20.958000000000002
senador	10.889000000000001
senhor	102.47
sensação	32.077
sensato	2.106
sensual	3.2239999999999998
sentido	310.806
sentimental	5.32
sentimento	40.47
separação	21.246
separado	7.563
sepultura	4.245
sequência	125.866
sereno	4.92
série	182.419
seringa	2.97
sério	50.348
sermão	2.2769999999999997
serpente	2.653
serra	31.784000000000002
serralheiro	1.456
serrote	0.293
serviço	222.532
sessão	174.83700000000002
seta	1.69
severo	3.3510000000000004
sexo	40.123000000000005
sexual	34.217
sífilis	1.3869999999999998
significado	30.499000000000002
sílaba	0.9620000000000001
silêncio	70.637
silencioso	4.2989999999999995
simbólico	12.047
símbolo	29.517
simpático	9.228
simples	132.53
simplicidade	10.039
sinal	86.53399999999999
sincero	3.864
sinistro	3.977
sino	2.97
sinónimo	7.25
síntese	18.828
sintoma	5.604
sintomático	3.918
sistema	320.645
sistemático	5.452000000000001
sítio	39.62
situação	542.239
snobe	0.024
soberania	31.285999999999998
soberbo	2.374
sobrancelha	0.235
sobretudo	272.73400000000004
sóbrio	2.545
social	352.532
socialista	129.066
sociável	0.337
sociedade	254.952
soco	1.685
socorro	13.352
sofá	4.333
sofrimento	19.932000000000002
soja	2.311
sol	74.458
solar	13.454
soldado	16.718
solene	13.254000000000001
solha	0.337
solicitador	1.129
solidão	15.448
sólido	5.364
solitário	8.545
solo	42.415
solto	3.517
solução	160.64
soluço	0.503
soma	22.678
sombra	40.68
sonda	5.53
sondagem	33.47
soneto	2.4130000000000003
sonho	55.498000000000005
sono	15.135
sonoro	6.771
sopa	14.075
sorriso	25.785
sorte	60.67100000000001
sorteio	13.84
sortudo	0.225
sossegado	2.252
sótão	2.355
sotaque	4.143
soviético	24.114
sozinho	28.975
suave	11.373
subida	79.025
súbito	5.183
subjectivo	1.744
subjugado	0.508
submarino	5.257000000000001
suborno	2.36
subsídio	36.152
substituição	40.993
subterfúgio	0.586
sucesso	110.492
suficiente	69.186
sugestão	16.351
suicídio	17.294
sujeito	26.918000000000003
sujidade	1.729
sujo	4.763
sumo	6.688
suor	5.555
superficial	3.6839999999999997
superfície	39.542
suporte	26.904
supremo	9.805
surdo	2.418
surpreendido	16.962
surpresa	64.921
surto	0.86
suspeita	30.108
suspensão	49.986999999999995
suspenso	18.076
sustento	2.926
tabaco	20.348
tabela	25.697
tabu	6.8
tabuleiro	8.281
taça	36.166
tacho	2.242
táctica	12.77
talento	19.405
talhante	0.11699999999999999
tamanho	20.455
tâmara	0.08800000000000001
tamboril	1.319
tangerina	0.18100000000000002
tango	3.557
tanque	5.682
tapeçaria	2.423
tapete	7.484
tarde	338.88699999999994
tardio	4.04
tarefa	61.394
tarifa	5.1979999999999995
tartaruga	1.8319999999999999
tarte	1.173
tatu	0.073
taxa	156.097
táxi	10.107999999999999
taxista	6.2139999999999995
tear	1.256
teatral	18.384
teatro	139.912
tecido	18.486
técnica	92.167
técnico	118.646
tecnologia	50.593
tecnológico	10.469000000000001
tecto	17.284000000000002
tédio	2.907
tela	8.369
teleférico	1.578
telefone	40.27
telefonema	8.891
televisão	213.959
televisor	5.086
telhado	8.325
tema	147.494
temeroso	0.586
temperatura	21.221999999999998
tempestade	13.415
templo	16.355999999999998
tempo	757.5419999999999
temporada	43.06399999999999
temporário	6.405
tendência	84.898
ténis	28.926
tenista	12.844000000000001
tensão	42.306999999999995
tenso	3.347
tentativa	82.704
teor	17.778
teoria	29.586
teórico	6.087000000000001
térmite	0.01
termo	52.136
termómetro	1.021
terno	1.598
ternura	7.909
terra	197.231
terreno	136.67700000000002
território	132.81799999999998
terrível	18.833
terror	19.561
terrorista	9.839
tese	41.628
tesoura	1.754
tesouro	15.413
testa	6.204
testemunho	20.885
têxtil	17.000999999999998
texto	153.615
textura	2.628
texugo	0.161
tigela	1.348
tigre	2.965
tijolo	4.338
tímido	4.685
tinta	10.093
típico	10.191
tipo	486.395
tiro	38.018
titã	0.679
título	196.19099999999997
tocha	2.316
toga	0.45899999999999996
tolerância	15.706
tolerante	2.57
tolo	0.9620000000000001
tom	59.132
tomada	88.493
tomate	7.778
tonelada	3.8939999999999997
tonto	0.865
topo	27.998
toranja	0.127
tornado	16.508
torneio	43.548
torneira	2.189
tornozelo	1.3730000000000002
torradeira	0.166
torre	17.441
torto	2.6430000000000002
tortura	11.964
tosse	2.33
total	234.673
touro	4.744
tóxico	3.0580000000000003
toxina	0.6940000000000001
trabalhador	18.208
trabalho	578.352
trabalhoso	0.435
traço	9.629
tractor	2.58
tradicional	69.069
tráfego	34.836999999999996
tráfico	47.94
tragédia	30.621
trágico	9.952
traição	10.367
traidor	3.8160000000000003
tralha	0.386
tranquilo	10.719000000000001
trânsito	68.502
transmissão	40.7
transporte	60.573
transtornado	0.489
trapaceiro	0.064
trapalhão	0.845
traseira	4.939
tratado	54.784
tratamento	106.75
trauma	2.384
travessa	2.096
travessia	17.03
travessura	0.132
trégua	6.292000000000001
treinador	91.859
treino	43.997
trenó	0.762
tribo	5.477
tributo	3.39
triciclo	0.406
trincheira	1.163
trio	18.374000000000002
tripulação	13.390999999999998
tripulante	2.106
triste	36.811
tristeza	14.402000000000001
triunfante	3.0189999999999997
triunfo	45.193999999999996
troféu	13.865
trólei	0.059000000000000004
trombeta	0.366
trompete	3.542
trono	9.795
trunfo	10.035
truque	3.449
truta	0.684
tubarão	1.8030000000000002
tubo	4.548
tucano	0.068
tulipa	1.8319999999999999
tumor	3.2489999999999997
turbante	0.713
turismo	64.101
turista	6.659
turma	12.814
tutela	37.666
úlcera	0.953
último	290.414
umbigo	1.8419999999999999
unânime	8.227
unha	1.661
único	182.888
unidade	98.728
unilateral	5.789
universo	48.306000000000004
urbanização	17.128
urbano	29.464000000000002
urgente	30.89
urina	3.185
urna	4.578
urso	2.291
urtiga	0.059000000000000004
urze	0.406
usado	23.572
utensílio	0.523
útil	29.478
utilitário	1.666
utilização	96.715
utopia	9.209
vaca	9.199
vacina	9.849
vaga	29.713
vagina	0.8109999999999999
vago	9.082
vaidade	4.035
vaidoso	1.021
vaivém	9.634
vale	87.736
valente	5.403
valentia	1.094
válido	9.395
valioso	5.433
valor	266.608
valorização	36.279
vampiro	1.153
vândalo	0.171
vantagem	83.01700000000001
variante	16.171
variável	8.891
variedade	12.277000000000001
varíola	0.85
varredor	0.28300000000000003
vaso	2.4619999999999997
vassoura	1.348
vasto	25.355
vazio	25.458000000000002
veado	1.075
vedeta	8.603
vegetal	4.5089999999999995
vegetativo	0.42
veia	3.092
veículo	34.857
vela	15.530999999999999
veleiro	5.5889999999999995
velho	87.101
velocidade	69.919
veloz	3.483
vencedor	56.973
venda	134.088
vendedor	9.781
veneno	4.216
venenoso	0.821
ventania	1.182
vento	45.351000000000006
ventre	4.157
verão	89.588
verba	42.097
verbo	4.939
verdade	224.472
verdadeiro	64.355
verde	60.626999999999995
vereador	94.287
vergonha	21.525
vermelho	28.55
versão	107.087
verso	8.056000000000001
vértice	1.871
vespa	0.406
véspera	52.317
vestido	12.414000000000001
vestígio	2.14
vestuário	14.71
veterano	11.324000000000002
veterinário	2.741
vez	934.01
via	147.474
viaduto	9.971
viagem	98.196
viatura	30.978
viável	10.620999999999999
víbora	0.425
viciado	2.594
vida	543.7
vidro	23.176
vigilância	30.235
vigoroso	2.565
vila	63.7
vinho	63.622
viola	10.953
violação	34.701
violência	100.33
violento	15.745999999999999
violeta	1.8319999999999999
violino	11.036
violoncelo	5.417999999999999
viragem	17.372
virgem	10.899000000000001
vírgula	2.785
viril	1.158
virtude	26.308000000000003
visão	60.486000000000004
visita	160.96200000000002
visitante	13.703
vista	213.734
visto	106.97399999999999
visual	15.306
vitela	2.565
vítima	71.087
vitória	213.817
vivaz	0.18600000000000003
vivo	60.368
vizinho	26.909000000000002
vocação	21.872
vogal	5.227
volante	13.249
volta	243.583
volume	82.23
vómito	0.6890000000000001
vontade	141.089
voo	30.475
votação	52.708
voto	102.99799999999999
vovó	0.078
voz	133.893
vulcão	6.117000000000001
vulgar	13.097999999999999
xadrez	10.342
xarope	0.46399999999999997
xilofone	0.171
zangado	3.3710000000000004
zebra	0.318
zelo	5.315
zona	300.957
