aba	2.6
abacate	2.73
abacaxi	3.76
abadia	2.2
abandonado	3.93
abandono	3.88
abate	2.8
abatido	4.05
abelha	4.22
aberração	2.98
abertura	5.29
abóbora	3.42
abolição	2.9
abordagem	4.14
aborrecido	4.96
aborto	2.78
abraço	5.57
abrigado	3.84
abrigo	4.02
abstenção	2.91
absurdo	4.58
abundância	4.35
abundante	4.14
abuso	4.82
abutre	2.69
acácia	1.7
académico	5.31
acampamento	3.09
acanhado	3.46
acção	5.39
aceleração	4.29
acessível	5.05
acesso	4.91
acessório	5.11
acidente	4.63
ácido	3.95
aço	3.17
acolhedor	4.04
acompanhante	4.05
aconchego	4.38
acordeão	2.87
acordo	5.19
acre	1.9
acta	3.02
actividade	5.91
activista	2.95
activo	5.63
acto	5.0
actor	4.98
actriz	5.05
actuação	4.35
actual	5.84
açúcar	5.82
açucena	1.59
acumulação	3.95
acusação	3.37
acusado	3.71
adaptação	4.39
adaptável	4.07
adega	3.0
adepto	4.6
adequado	4.89
adesão	3.96
adeus	6.15
adiamento	3.74
admiração	4.79
admirado	4.82
admirável	4.71
admissão	3.56
adolescência	4.84
adolescente	5.3
adopção	3.59
adoração	3.71
adorável	4.72
adulto	5.63
adversário	4.02
adversidades	3.84
advogado	4.0
aéreo	3.81
aeroporto	3.4
afecto	4.53
afectuoso	3.64
afeição	3.36
afiado	3.78
afinidade	4.29
afirmação	5.09
aflito	4.77
agência	4.02
agenda	5.36
agente	4.14
ágil	4.11
agilidade	4.0
agitação	4.32
agonia	3.35
agradável	5.27
agradecido	4.88
agravamento	3.61
agressão	4.33
agressivo	4.6
agrião	2.29
agricultor	3.95
agricultura	4.42
agrupamento	3.59
água	6.93
águia	3.42
agulha	4.02
aia	1.69
aipo	2.24
ajuda	5.7
alargamento	4.04
alarme	4.52
albatroz	1.72
álbum	3.91
alcachofra	2.19
alcance	4.35
alce	1.91
álcool	4.69
alcoólico	4.25
alcoolismo	3.84
aldeia	4.23
aleatório	4.49
alegre	5.77
alegria	5.54
além	4.34
alemão	3.48
alergia	4.41
alerta	4.48
alface	5.38
alfaiate	2.45
alfarroba	2.0
alfinete	3.36
alho	5.34
aliado	3.75
aliança	3.56
alicate	3.05
alienação	3.05
alimentação	5.96
alimentar	5.83
alimento	6.32
alívio	4.86
alma	4.48
almoço	6.66
almofada	5.81
alojamento	4.3
alperce	2.53
alta	5.47
altar	3.07
alternativa	5.21
alternativo	4.75
altitude	3.6
alto	5.69
altura	5.0
alucinante	4.05
aluguer	3.98
alumínio	4.02
aluno	6.64
alvo	3.96
ama	4.28
amabilidade	4.12
amado	4.49
amante	3.67
amarelo	5.16
amargo	4.21
amável	4.55
âmbar	2.12
ambição	4.67
ambicioso	4.29
ambiente	5.45
ambiguidade	3.07
âmbito	4.1
ambulância	4.55
ameaça	4.0
ameaçador	4.13
ameixa	3.52
amêndoa	3.25
amendoim	3.68
americano	4.47
amigável	5.16
amigo	6.54
amizade	5.78
amnistia	2.4
amor	6.25
amora	3.05
amoroso	4.67
amostra	4.57
amplitude	3.74
amplo	3.66
amuado	4.52
análise	4.77
analista	3.02
ananás	4.18
anão	3.0
anchova	2.16
ancinho	2.13
âncora	2.78
andebol	3.4
andorinha	3.44
anel	4.3
ângulo	3.63
angústia	3.98
angustiado	3.68
angustiante	3.56
animação	4.86
animado	5.18
animal	5.55
ânimo	4.53
aniversário	4.5
anjo	4.47
ano	6.13
anonimato	3.4
anormal	4.51
anseio	3.74
ansiedade	4.58
ansioso	5.24
antecedente	3.75
antena	4.18
anterior	5.81
antigo	4.98
anual	3.93
anulação	3.86
anúncio	5.38
anzol	2.61
apaixonado	5.73
apanhador	3.88
aparelho	4.61
aparência	5.4
aparição	2.84
apartamento	5.24
apático	3.4
apelo	3.96
apertado	4.88
apetite	5.44
apito	3.93
aplauso	3.98
apoiante	3.65
apoio	5.49
aposta	4.62
apreensão	3.59
aprendizagem	5.36
apresentação	5.18
aprisionado	2.6
aprovação	4.52
aproximação	4.86
apuramento	3.61
aquecimento	4.88
ar	6.14
arado	1.94
arame	3.58
aranha	4.31
arara	2.22
arbitragem	3.78
árbitro	4.38
arbusto	3.58
arca	3.55
arco	3.51
areia	3.38
arenque	1.57
arguido	3.65
arma	4.3
armadilha	3.58
armado	3.27
armamento	3.3
armário	5.87
armazém	4.28
arquipélago	2.92
arquitecto	3.66
arquitectura	3.81
arquivo	4.33
arranjo	4.56
arranque	4.63
arrendamento	3.47
arrependido	4.19
arrepio	4.58
arrogante	4.47
arroz	6.1
arrumado	5.46
arte	4.81
artéria	2.91
artesanato	3.07
artesão	2.8
articulação	3.95
artificial	4.21
artigo	5.45
artilharia	2.36
artista	4.6
artístico	4.04
árvore	5.07
ás	4.38
asa	3.91
ascendente	3.28
ascensão	3.1
asilo	2.57
asma	3.42
aspecto	5.12
áspero	3.38
aspirador	4.11
assaltante	4.35
assassínio	3.98
assassino	4.02
assembleia	4.46
assento	4.53
assessor	2.93
assinatura	5.45
assobio	4.25
associação	4.28
associado	4.21
assunto	6.02
assustado	4.34
assustador	4.53
astronauta	2.98
atacante	3.88
ataque	4.47
atenção	6.14
atencioso	4.76
atentado	3.55
atento	5.75
aterrorizado	3.57
atitude	5.35
atlântico	3.04
atleta	4.67
atmosfera	3.95
átomo	2.72
atracção	4.62
atractivo	4.29
atrasado	5.63
atraso	5.59
atrevido	4.67
atribuição	4.17
atum	4.96
audição	4.6
audiência	3.36
audiovisual	3.26
auditoria	3.28
auditório	4.46
aula	6.73
aumento	5.29
ausência	4.93
ausente	4.68
autarca	3.67
autarquia	3.43
autêntico	4.21
autocarro	5.95
automóvel	5.63
autonomia	4.58
autor	4.88
autoria	3.68
autoridade	4.32
autoritário	3.96
autorização	5.23
auxílio	4.4
avalanche	2.75
avaliação	5.69
avanço	4.52
avarento	2.26
avareza	2.28
avaria	4.02
ave	4.74
avelã	3.12
avenida	5.14
avental	4.19
aventura	4.54
avestruz	2.66
aviação	3.04
avião	4.29
avioneta	3.16
aviso	5.53
avô	4.77
azar	5.12
azedo	4.07
azeite	5.5
azeitona	4.24
azul	5.79
azulejo	3.26
bacalhau	4.14
bacia	3.95
bacon	4.04
bagageira	2.93
bagagem	3.74
bagunça	4.14
bailarino	3.19
baile	3.36
bairro	4.34
baixo	6.11
bala	3.86
balança	4.29
balanço	4.09
balão	3.67
balcão	4.68
balde	3.98
baleia	3.25
baliza	4.61
balneário	4.14
baloiço	3.55
bambu	2.62
banal	3.98
banana	5.2
banca	4.23
bancada	4.16
bancário	3.62
banco	5.3
banda	4.84
bandeira	3.84
bando	3.33
bandolim	1.9
banha	3.75
banheira	5.47
banho	6.47
bar	5.3
barata	4.19
barato	5.8
barba	4.86
barco	3.79
barra	4.12
barraca	3.62
barragem	3.06
barreira	3.55
barriga	5.75
barril	3.36
barro	2.91
barulhento	5.05
barulho	6.05
básico	5.28
basquetebol	3.6
bastão	2.81
bastardo	2.75
batalha	3.46
batata	5.55
batedeira	3.53
bateria	5.68
baú	3.05
bêbado	4.21
bebé	4.83
bebida	6.38
beco	3.42
begónia	1.84
beijo	6.25
beleza	5.28
beliche	2.56
beliscão	3.08
belo	4.55
bênção	3.02
benéfico	4.31
benevolente	3.18
bengala	3.05
bengaleiro	3.04
berbequim	2.56
beringela	3.19
besouro	2.41
besta	4.29
betão	2.68
beterraba	2.48
biblioteca	4.91
bicicleta	4.32
bico	3.86
bife	5.45
bigorna	1.81
bilhete	4.93
biografia	3.87
biológico	3.91
biólogo	3.3
biombo	2.07
bisbilhotice	3.61
biscoito	4.68
bisonte	2.18
bispo	3.14
bisturi	2.71
bizarro	3.26
blasfémia	2.46
bloco	4.53
bloqueio	4.22
blusa	4.98
boca	6.11
bocado	5.89
bode	2.33
bofetada	3.64
boi	4.14
boicote	2.71
bola	5.61
bolacha	6.25
boletim	4.04
bolha	4.0
bolo	5.0
bolor	3.13
bolsa	5.32
bolso	5.5
bom	6.48
bomba	3.96
bombardeiro	2.14
bombeiro	3.83
bondade	4.46
boné	3.82
boneco	4.51
bonito	5.82
bónus	3.84
borboleta	3.84
borracha	5.64
bosta	3.71
bota	5.24
botão	5.04
boxe	3.13
braço	5.88
branco	5.43
breve	4.95
brigada	3.68
brilhante	5.3
brilho	4.84
brincadeira	6.02
brinquedo	4.82
brisa	3.64
britânico	3.1
brócolos	3.79
bronze	3.78
brutal	4.65
bruto	4.75
búfalo	2.29
buraco	4.93
burla	3.4
burocracia	3.35
burro	4.89
busca	4.35
bússola	2.92
busto	2.58
cabana	2.96
cabeça	6.2
cabelo	6.25
cabide	4.2
cabra	4.22
caça	3.25
caçadeira	2.9
caçador	3.18
cação	1.93
caçarola	2.95
cacau	3.36
cachecol	4.18
cachimbo	2.66
cacifo	3.61
cacto	2.65
cadáver	3.41
cadeado	3.36
cadeia	3.71
cadeira	6.2
cadeirão	2.91
cadela	4.64
caderno	6.4
café	6.61
cais	2.8
caixa	5.45
caixão	2.96
caixote	5.0
caju	2.35
calcanhar	4.11
calças	6.46
cálcio	3.82
calções	4.51
cálculo	5.29
caldeira	2.64
calendário	5.33
cálice	3.04
calma	6.22
calmo	5.67
calor	5.87
caloroso	3.86
cama	6.73
camada	3.93
camaleão	2.67
câmara	4.78
camarada	3.4
câmbio	3.04
camelo	3.13
camião	4.96
caminho	5.82
camioneta	5.35
camisa	5.68
camisola	6.24
campanha	3.81
campeão	4.72
campeonato	4.84
campo	4.82
camponês	2.78
cana	2.95
canal	5.54
canário	3.34
canção	5.54
cancro	4.11
candeeiro	4.95
candidato	4.13
candidatura	3.97
caneca	5.27
caneta	6.68
canguru	2.65
canhão	2.73
caniche	2.8
cano	3.91
canoa	3.09
cansaço	6.09
cansado	6.18
cansativo	5.41
cântico	3.22
cantiga	3.64
canto	5.16
cantor	5.44
cão	5.98
caos	4.09
capa	5.28
capacete	3.82
capacidade	5.33
capaz	5.64
capela	3.63
capital	4.4
capitalismo	3.75
capitalista	3.55
capitão	3.37
capítulo	5.05
capote	2.23
capricho	3.22
captação	3.25
capuz	3.47
cara	6.09
caracol	3.57
carácter	4.54
caranguejo	3.25
carapau	3.83
caravana	3.26
carbono	2.89
carcaça	2.75
cárcere	1.68
cardeal	4.0
cardíaco	3.88
cardume	2.41
careca	4.24
carência	4.1
careta	3.71
carga	4.07
cargo	4.05
carícia	4.28
caril	2.57
carinho	5.32
carnaval	2.43
carne	6.05
carneiro	3.54
caro	5.54
carocha	2.65
caroço	3.51
carpa	2.34
carpinteiro	3.3
carreira	4.6
carril	2.27
carrinha	4.72
carro	6.59
carroça	2.65
carruagem	2.84
carta	5.11
cartão	5.96
cartaz	4.46
carteira	6.18
carteiro	4.24
casa	6.67
casaco	6.19
casado	4.55
casal	5.62
casamento	3.98
casca	5.19
cascata	3.14
casino	3.28
caso	5.42
cassete	2.56
castanha	3.82
castelo	3.27
castigo	3.67
casual	4.23
catálogo	4.37
catástrofe	3.27
catastrófico	3.32
catatua	2.21
católico	4.07
cauda	3.73
caudal	2.73
caule	2.33
cautela	3.84
cavaleiro	3.27
cavalo	3.76
cavaquinho	2.55
cave	3.97
caveira	2.54
caverna	2.77
cebola	5.43
cedência	3.83
cego	4.25
cegonha	3.0
celebração	4.16
célebre	3.79
célula	3.61
cemitério	3.86
cena	5.55
cenário	4.41
cenoura	4.98
censura	3.67
centímetro	4.36
centopeia	2.75
central	4.46
centro	5.25
céptico	3.35
cerâmica	2.56
cereal	5.58
cerebral	4.09
cérebro	5.52
cereja	3.63
cerimónia	3.81
ceroulas	2.04
certeiro	3.11
certeza	5.8
certificado	3.95
cerveja	4.56
cesto	4.07
céu	5.59
chacina	2.12
chaleira	2.93
chama	4.58
chamada	5.96
chaminé	3.2
chantagem	3.86
chão	5.74
chapa	2.77
chapéu	4.53
charme	4.21
charrete	1.98
charuto	2.91
chave	6.28
chávena	5.54
chefe	4.93
chefia	3.81
chegada	5.2
cheio	5.86
cheiro	5.67
cheiroso	4.6
cheque	3.97
cherne	2.13
chicharro	2.52
chicória	2.06
chicote	2.89
chimpanzé	3.19
chinelo	5.41
chocalho	2.07
chocolate	5.89
choque	4.42
chouriço	3.88
chumbo	3.57
chuva	5.48
cicatriz	3.9
ciclista	3.84
ciclo	4.42
ciclone	3.0
cidadania	4.05
cidadão	4.86
cidade	5.73
ciência	5.04
científico	4.6
cientista	3.98
cigano	3.8
cigarra	2.3
cigarro	5.85
cimeira	2.67
cimento	3.29
cineasta	2.76
cinema	5.14
cinto	5.23
cinzeiro	4.59
cinzento	4.6
cio	2.7
circo	3.04
circuito	3.93
circulação	4.5
círculo	4.42
cirurgia	3.78
cirúrgico	3.67
cisne	3.03
citação	4.4
ciúme	4.22
ciumento	4.32
cívico	3.84
civil	4.39
civilização	3.66
clã	2.5
clandestino	3.09
clareza	4.55
clarinete	2.13
classe	4.62
cláusula	3.45
cliente	5.35
clima	5.2
clímax	3.05
clínica	4.51
clube	4.81
coador	3.22
cobarde	3.35
coberto	4.86
cobertura	3.88
cobra	3.51
cobrança	4.0
cocaína	3.32
coche	2.2
coco	3.7
código	5.16
codorniz	2.57
coelho	4.57
coerente	4.53
coesão	3.67
cofre	3.52
cogumelo	4.16
coiote	2.04
coisa	6.79
coito	2.51
cola	4.38
colaboração	4.93
colagem	3.02
colapso	3.21
colchão	4.63
colecção	4.53
colega	6.31
colégio	4.4
cólera	2.63
colete	3.23
colheita	3.24
colher	5.89
colina	2.84
colisão	3.51
coliseu	3.33
colmeia	2.89
colocação	4.35
colonial	2.51
colóquio	2.68
coluna	4.29
comandante	3.51
comando	5.34
combate	3.8
combinação	4.37
comboio	4.62
combustível	5.25
começo	5.33
comédia	4.96
comemoração	3.56
comentário	6.04
comercial	5.16
comerciante	4.27
comércio	4.62
cometa	2.62
comício	2.35
cómico	4.93
comida	6.71
comissão	4.13
comissário	2.65
cómoda	4.19
compacto	3.65
companheiro	4.98
comparação	5.1
compatível	4.71
compatriota	2.69
competência	4.81
competente	4.79
competição	4.68
competitivo	4.91
completo	5.54
complexidade	4.5
complexo	4.74
complicado	5.93
componente	4.33
composição	4.44
compota	3.7
compra	5.88
compreensão	5.11
comprimento	4.46
comprimido	5.27
compromisso	4.95
comprovativo	4.07
computador	6.87
comum	5.42
comunicação	5.14
comunidade	4.33
comunismo	3.02
comunista	3.39
comunitário	3.66
conceito	5.14
concelho	4.53
concentração	5.28
concentrado	5.49
concerto	4.21
concessão	2.98
concha	3.06
conclusão	5.5
concorrência	4.5
concorrente	4.48
concreto	4.63
concurso	4.6
conde	2.75
condenação	3.55
condição	4.67
condor	1.82
condução	5.56
conduta	4.05
condutor	5.63
conferência	3.84
confiança	5.36
confiante	5.11
confidencial	4.09
conflito	4.3
confortável	5.55
conforto	4.84
confronto	4.21
confusão	5.41
confuso	5.0
congelador	5.4
congresso	3.58
congro	1.84
conhecido	5.39
conhecimento	5.71
cônjuge	3.02
conjunto	5.48
conquista	3.98
consciência	5.34
conselho	5.07
consenso	4.37
consequência	5.14
consideração	4.95
considerável	4.62
consolado	3.72
constituição	4.09
construção	4.56
construtor	3.82
consulado	2.96
consulta	4.93
consultório	4.16
consumo	5.61
conta	5.82
contacto	5.6
contagem	4.53
contaminação	3.7
contenda	2.19
contente	5.95
contestação	3.4
conteúdo	5.55
contexto	5.09
continência	2.8
continente	4.88
continuação	5.39
conto	4.41
contorno	3.74
contradição	4.33
contrário	5.38
contraste	3.88
contratação	4.22
contratempo	4.4
contrato	4.14
controlador	4.12
controlo	5.09
conveniente	4.65
convento	2.88
convergência	3.68
conversa	6.29
convicção	4.37
convicto	4.16
convidado	4.57
convite	4.35
convívio	5.02
cooperação	4.46
coordenação	4.14
cópia	5.4
copo	6.71
cor	6.26
coração	5.78
coragem	5.25
corajoso	4.9
coral	3.25
corda	4.16
cordeiro	2.91
cordel	2.58
coreografia	3.35
corneta	2.31
coro	3.4
coroa	2.98
coronel	2.57
corpo	6.04
corpulento	2.88
correcção	5.49
correcto	6.04
corredor	5.36
correia	3.28
correio	4.8
corrente	4.19
corrida	4.79
corrupção	4.69
corrupto	4.78
corte	5.02
cortejo	3.04
cortesia	3.23
córtex	2.84
cortiça	2.91
coruja	3.02
corvo	2.81
costa	3.75
costas	5.32
costume	5.28
costureiro	3.07
cotovelo	4.52
cotovia	1.8
couve	4.54
coxa	4.6
cozinha	6.59
cozinheiro	5.0
crachá	3.0
crânio	3.74
cratera	2.48
cravo	3.0
crédito	4.47
credor	3.16
crença	3.77
crepe	3.82
crepúsculo	2.42
crescimento	5.07
cretino	3.04
criado	3.93
criador	3.87
criança	6.04
criatividade	4.73
criatura	4.23
crime	4.74
criminal	4.15
criminoso	4.28
crise	6.32
crista	2.8
cristal	3.35
cristaleira	1.92
cristianismo	3.21
critério	4.7
crítica	4.95
crítico	4.89
crocodilo	3.02
crónica	3.78
cronómetro	3.61
croquete	3.43
crosta	2.69
crucial	3.68
cruel	3.28
cruzamento	4.97
cruzeiro	2.96
cuco	2.47
cuidado	6.19
cuidadoso	4.87
culpa	5.1
culpado	4.56
culto	4.26
cultura	5.16
cultural	4.32
cumplicidade	4.51
cunha	3.63
cupão	3.89
cúpula	2.19
cura	4.12
curioso	5.37
currículo	4.51
curso	6.49
curto	5.51
curva	5.44
custo	5.45
cutelo	1.6
dado	4.28
dália	1.83
dama	2.91
damasco	2.07
dança	4.93
dano	3.82
data	6.2
debate	4.26
débil	3.24
década	3.6
decadência	3.89
decente	4.77
decisão	5.6
decisivo	4.73
declaração	4.84
declínio	3.35
declive	3.47
decoração	4.14
decreto	3.79
decurso	2.98
dedal	2.69
dedicado	4.93
dedo	6.04
defeito	4.81
defensivo	4.4
defensor	3.68
defesa	5.19
défice	4.93
deficiência	4.39
deficiente	4.58
definição	5.35
degradação	3.66
delegação	3.23
delegado	4.05
deleite	2.28
delgado	2.56
delicado	4.55
delicioso	5.22
delírio	3.72
delito	3.15
demente	3.65
demissão	3.54
democracia	4.21
democrata	3.98
demolição	3.11
demónio	3.34
demonstração	4.84
demora	5.68
densidade	3.54
denso	3.59
dente	5.11
dentista	3.53
denúncia	3.79
departamento	4.79
dependência	4.02
dependente	4.47
depoimento	3.21
depósito	4.35
depressão	4.41
deprimido	4.72
deputado	4.72
derrota	4.28
derrotado	3.52
desafio	4.74
desagradável	4.88
desajeitado	4.31
desanimado	5.04
desastre	4.43
desastroso	3.88
desavença	2.71
descanso	6.27
descarado	3.59
descarga	4.14
descida	5.18
desconfiado	4.86
desconfiança	4.21
descontente	4.37
desconto	5.04
descontraído	4.79
descrição	5.05
desculpa	6.33
desdém	2.96
desdenhoso	1.8
desejo	5.33
desempenho	5.18
desemprego	6.0
desenhador	2.65
desenho	4.89
deserto	3.35
desertor	2.2
desesperado	4.07
desespero	4.39
desfavorável	4.28
desfecho	3.59
desfiladeiro	2.33
desfile	3.31
desgaste	4.28
desgosto	4.0
desgraça	4.61
designação	3.91
desigualdade	4.19
desilusão	4.3
desleal	3.13
deslocação	4.77
desocupado	3.82
desordenado	4.0
despedida	4.77
despedimento	4.74
desperdício	5.23
despesa	5.48
despido	5.04
desportivo	5.08
desporto	5.49
desprezo	4.18
destemido	3.73
destino	4.43
destreza	3.13
destruição	4.19
desvantagem	4.39
desvio	4.51
detalhe	4.86
detenção	3.56
detido	3.81
deus	5.39
dever	5.43
devoção	3.36
dia	6.84
diabo	3.7
diálogo	4.93
diamante	3.04
diário	4.98
dica	4.37
diferença	5.78
diferente	6.09
difícil	5.96
dificuldade	5.58
difusão	2.98
dígito	4.32
dignidade	4.29
digno	4.21
dilúvio	2.26
dimensão	4.45
dinâmica	4.33
dinâmico	4.54
dinamismo	3.61
dinastia	2.19
dinheiro	6.65
dinossauro	2.78
diocese	2.36
dióspiro	3.12
diploma	4.0
diplomacia	2.88
diplomata	3.36
direcção	5.16
directo	5.53
director	4.96
direita	6.27
direito	5.67
dirigente	3.9
disciplina	5.89
discípulo	2.82
disco	3.96
discoteca	4.7
discreto	4.47
discurso	5.07
discussão	4.71
disforme	2.77
disparate	5.15
disparo	3.6
disponível	5.61
disposição	4.86
dispositivo	4.66
disputa	3.93
dissidente	2.06
distância	5.39
distante	4.76
distinção	4.09
distinto	4.29
distribuição	4.58
distrito	4.4
ditado	3.36
ditador	3.2
ditadura	3.34
ditongo	2.18
divã	2.63
divergência	4.25
diversão	5.25
diversidade	4.57
divertido	5.62
dívida	4.34
divino	3.74
divisa	2.57
divisão	4.89
divórcio	3.81
divulgação	4.44
doce	5.74
docente	5.46
documento	6.02
doença	5.11
doente	4.91
dogma	2.32
doido	5.27
dólar	4.14
doloroso	4.02
dom	3.79
domicílio	3.82
dominado	3.62
dominante	3.91
domingo	5.09
domínio	4.3
doninha	2.74
dono	4.63
dor	5.3
dose	4.52
dourada	3.9
dourado	4.25
doutor	5.09
doutrina	2.78
dragão	4.0
drama	4.28
dramático	4.02
droga	4.3
drogado	4.02
dromedário	2.04
dúbio	2.26
duelo	2.85
dueto	3.3
duque	2.59
duração	5.33
duro	5.13
dúvida	6.02
duvidoso	4.92
dúzia	4.54
ecológico	4.14
económico	5.78
economista	4.18
ecossistema	3.05
ecrã	5.81
edição	4.12
edifício	5.02
editor	4.25
editora	3.51
edredão	4.48
educação	5.79
educado	5.05
educador	4.16
educativo	4.53
efectivo	4.02
efeito	4.7
eficácia	5.18
eficaz	5.24
eficiência	4.67
eficiente	4.68
ego	3.39
egoísta	4.17
eixo	3.17
electricista	3.39
eléctrico	4.33
elefante	3.91
elegante	4.84
eleição	4.12
eleitor	3.46
eleitorado	2.74
eleitoral	3.21
elemento	4.84
elenco	3.46
elevação	3.86
elevador	5.14
elite	3.4
elogio	4.72
embaixada	2.97
embaixador	2.89
embalagem	4.96
embaraçado	4.03
embarcação	2.88
embargo	1.96
embate	3.25
embraiagem	4.72
embrião	2.71
emergência	4.33
emigração	4.23
emissão	4.04
emoção	5.14
emocional	4.66
empate	4.39
empenhado	5.49
empenho	5.1
empregado	5.3
emprego	6.13
empreitada	2.75
empresa	5.54
empresário	4.4
empréstimo	4.08
encanto	4.42
encargo	3.5
encéfalo	2.53
encenação	3.05
encenador	2.57
encerramento	4.18
encontro	5.21
endereço	4.93
endinheirado	2.74
energia	5.53
enérgico	4.26
enfadonho	3.02
enfarte	2.93
enfermagem	4.1
enfermaria	3.48
enfermeiro	4.48
enfermidade	2.19
enferrujado	3.51
enfurecido	3.18
engano	5.02
engenheiro	4.81
engenho	2.95
engraçado	5.71
engrenagem	2.77
enguia	2.5
enjoado	4.3
enorme	5.42
ensaio	4.53
enseada	1.91
ensinamento	3.5
ensino	5.1
entediante	3.29
entendimento	4.54
enterro	3.42
entidade	4.12
entrada	5.82
entrega	5.09
entrevista	4.69
entusiasmado	4.61
entusiasmo	4.84
envelope	4.16
envergonhado	4.56
envio	5.24
enxada	2.5
enxame	2.45
enxaqueca	3.63
epidemia	3.09
episódio	5.67
época	4.48
equilíbrio	4.58
equipa	5.23
equipamento	4.86
equívoco	3.44
erótico	3.81
errado	5.65
erro	5.79
erudito	2.31
esboço	3.68
escada	5.53
escala	4.57
escalada	3.08
escalão	3.89
escândalo	4.33
escanzelado	2.37
escaravelho	2.9
escasso	4.0
escavação	2.8
escoamento	2.91
escola	6.27
escolar	5.48
escolha	5.79
escolta	2.47
escorbuto	1.6
escorpião	3.36
escotilha	1.78
escova	5.75
escravidão	2.91
escravo	3.18
escrita	5.52
escritor	4.64
escritório	5.35
escriturário	2.67
escrivaninha	2.74
escudo	3.21
escultor	2.88
escultura	2.89
escumalha	3.19
escuro	5.42
esfera	3.36
esfomeado	5.23
esforço	5.38
esgoto	3.43
esmagador	3.45
esófago	2.82
espacial	3.2
espaço	5.66
espada	3.45
espadarte	1.98
espanador	3.07
espanhol	4.19
espantado	4.56
espanto	4.35
espantoso	4.4
espargo	2.8
esparguete	4.96
especial	5.46
espécie	4.21
espectacular	5.88
espectáculo	4.95
espectador	4.88
especulação	3.7
espelho	5.55
espera	6.13
esperança	4.84
esperto	5.47
espesso	3.72
espinafre	3.42
espingarda	3.02
espinho	2.98
espírito	4.69
espirituoso	3.18
esplanada	5.02
esponja	4.98
espora	1.96
esposa	4.07
esposo	3.09
espuma	4.3
esquadra	3.75
esquecimento	5.37
esquelético	3.79
esquema	4.81
esquilo	3.02
esquina	4.18
esquisito	5.28
essência	4.28
essencial	5.22
estábulo	2.51
estaca	2.78
estação	4.74
estádio	4.5
estado	5.19
estágio	4.22
estagnado	3.14
estaladiço	4.26
estaleiro	2.84
estante	4.45
estatal	2.42
estatística	4.56
estátua	3.75
estatuto	4.13
estável	5.19
esterco	2.83
esteróide	2.68
estética	4.47
estilo	5.14
estimativa	4.16
estímulo	4.55
estômago	5.0
estrada	6.21
estrago	4.26
estrangeiro	4.48
estranho	5.68
estratagema	2.64
estratégia	4.47
estreia	3.96
estrela	4.68
estridente	2.64
estrondo	4.36
estrume	2.8
estrutura	4.59
estudante	6.22
estúdio	3.68
estudo	6.39
estúpido	5.39
esturjão	1.53
etapa	4.58
eterno	4.19
ética	3.95
ético	4.02
etnia	3.5
étnico	3.22
eucalipto	3.13
eufórico	4.18
europeu	4.93
evento	4.84
eventual	4.43
evidência	4.58
evidente	5.25
evolução	4.79
exacto	6.22
exame	5.53
excelência	4.18
excelente	5.45
excepção	5.19
excepcional	4.61
excessivo	4.82
excesso	5.09
excitação	4.72
excitado	4.71
exclusão	3.66
excremento	2.61
excursão	2.75
execução	3.83
executivo	4.0
exemplar	4.51
exemplo	6.47
exercício	6.09
exército	3.93
exibição	4.43
exigência	5.43
exílio	2.5
existência	4.98
existente	4.88
êxito	4.47
expansão	3.7
expectativa	4.95
experiência	5.51
explicação	5.47
exploração	4.1
explosão	4.07
explosivo	4.02
exportação	4.18
exposição	3.88
expressão	5.31
expressivo	4.63
expresso	4.44
expulsão	4.24
êxtase	3.16
extensão	4.29
extenso	4.39
exterior	5.38
externo	4.66
extinção	3.81
extremidade	3.74
fã	4.59
fábrica	4.69
fabricante	4.14
fabrico	4.03
fábula	2.7
fabuloso	4.68
faca	6.3
face	4.72
fachada	3.24
facial	4.11
fácil	6.35
facilidade	4.95
facto	5.77
factor	4.97
factura	5.14
faculdade	6.15
fadiga	4.23
fado	3.52
faia	1.67
faisão	2.02
faísca	3.58
faixa	4.34
falcão	3.09
falência	4.23
falha	5.02
falhado	3.68
falhanço	4.36
falido	4.24
falso	5.63
falta	5.75
fama	3.98
família	6.28
familiar	5.49
faminto	3.74
famoso	4.86
faneca	2.77
fantasia	4.0
fantasma	3.75
fantástico	5.91
fardo	2.89
farinha	4.52
farmacêutico	3.55
farmácia	4.54
faro	3.13
farol	3.07
farolim	2.38
fascismo	2.7
fase	5.25
fatal	3.53
fatia	5.13
fatigado	3.6
fato	4.36
favela	2.55
favor	5.98
favorito	5.5
fé	4.29
febre	3.24
fechado	5.88
fecho	5.3
federação	3.6
federal	2.63
fedor	3.91
fedorento	3.03
feijão	4.73
feio	5.09
feira	4.57
feitiço	3.38
felicidade	5.35
felino	2.77
feliz	6.05
feminino	5.63
fenda	2.98
feno	2.42
fenómeno	4.37
feriado	4.07
férias	4.96
ferida	4.3
ferido	4.41
ferimento	3.83
feroz	3.89
ferramenta	4.48
ferro	3.98
festa	5.31
festival	4.1
festivo	3.75
fétido	1.96
fiança	2.68
fibra	3.93
ficção	4.09
ficha	5.29
ficheiro	5.91
fidelidade	4.23
fiel	4.86
figo	3.11
figura	5.37
figurino	2.52
fila	5.41
filho	5.47
filme	5.96
filosofia	3.39
filtro	3.74
fim	5.74
final	5.71
finalidade	4.7
finança	4.48
financeiro	4.96
fino	4.95
fio	4.52
firma	3.96
firmamento	2.46
firme	4.18
fiscal	3.8
fiscalização	3.91
fisco	4.0
físico	4.98
fita	4.8
fixação	3.36
flácido	3.79
flamingo	2.32
flauta	2.69
flecha	2.96
flexível	4.65
flor	5.02
floresta	4.25
florestal	3.74
fluxo	3.7
foca	2.86
foco	4.31
fogão	5.5
fogo	5.13
foguetão	2.97
foguete	3.36
fôlego	3.64
folha	6.32
folheto	3.96
folho	2.22
fome	6.47
fonte	4.6
força	5.6
forçado	4.07
forma	5.45
formação	5.22
formal	4.53
formato	4.52
formiga	4.07
formoso	2.98
fórmula	4.64
fornecimento	3.97
forno	4.84
forte	5.3
fortuna	3.78
fórum	4.19
fotografia	5.36
fotográfico	4.21
fotógrafo	4.12
fracasso	3.64
fraco	4.82
fragância	3.53
frágil	4.59
fragmento	3.53
francês	3.74
franco	3.64
franja	4.02
fraqueza	4.59
frasco	5.13
frase	6.04
fraude	4.1
freira	3.18
frenético	3.29
frente	5.98
frequência	5.25
frequente	5.49
fresco	5.59
frigideira	5.0
frigorífico	6.4
frio	6.09
fronteira	3.63
frota	2.53
frouxo	2.04
frustração	4.4
frustrado	4.26
fruta	6.41
fruto	5.71
fuga	3.95
fugidio	2.26
fumo	5.28
funcionário	5.45
fundação	4.02
fundamental	5.35
fundamento	4.72
fundo	4.77
funeral	2.98
fungo	3.09
funil	3.14
furacão	3.2
furão	2.61
furgão	1.86
fúria	3.68
furioso	4.59
furto	3.28
fusão	3.32
futebol	5.38
futebolista	4.83
futuro	5.74
fuzil	1.69
gado	3.17
gafanhoto	2.93
gaio	2.35
gaiola	3.72
gaivota	3.57
gala	3.23
galé	1.48
galeria	3.65
galinha	4.51
galinhola	1.87
galo	3.71
gama	3.57
gancho	3.71
ganga	5.43
gangrena	1.57
ganho	5.1
ganso	2.89
garantia	4.07
garfo	6.31
garganta	4.72
garnisé	1.88
garoupa	1.94
garrafa	6.22
gasolina	5.3
gasto	5.61
gástrico	2.68
gato	5.6
gatuno	4.11
gaveta	5.34
gavião	1.88
gazela	2.43
gel	3.95
gelado	4.79
gelatina	4.11
geleia	3.51
geleira	2.77
gelo	4.52
gémeo	3.81
gene	3.18
género	5.21
generoso	4.64
genial	4.3
génio	4.29
gente	6.19
gentil	4.4
genuíno	3.77
geração	4.36
geral	6.05
germes	3.09
gestão	5.11
gesto	4.65
gestor	4.53
gigante	4.71
ginasta	3.24
ginja	2.74
girafa	3.07
girassol	2.8
giro	5.58
giz	3.71
glaciar	2.67
global	4.68
glória	3.73
goiaba	2.3
golfe	2.86
golfinho	2.91
golo	4.54
golpe	3.63
goraz	1.42
gordo	5.86
gordura	5.43
gorila	2.93
gótico	2.43
governação	4.36
governador	3.57
governante	4.18
governo	5.91
gozo	5.14
graça	5.25
gráfico	4.9
gralha	2.79
granada	2.75
grande	6.35
grandeza	4.14
grandioso	3.79
granito	2.88
grão	3.48
gratidão	3.75
grato	4.13
gratuito	5.13
grau	4.79
gravata	4.05
grave	5.32
gravidade	4.03
gravidez	3.43
gravilha	2.27
gravura	3.11
graxa	4.37
grelha	4.09
grelhador	4.02
greve	4.36
grilo	3.22
grito	4.71
groselha	3.32
grosseiro	3.58
grosso	4.63
grupo	6.09
guarda	5.02
guerra	4.61
guerrilha	2.53
gueto	1.91
guia	3.71
guião	3.78
guilhotina	2.02
guincho	2.73
guitarra	4.71
guloso	4.98
habilidade	4.54
habilidoso	4.21
habitação	4.8
habitante	4.33
hábito	5.39
habitual	5.44
hambúrguer	4.74
harpa	2.13
haxixe	2.79
helicóptero	3.74
herança	3.32
herdeiro	3.04
hereditário	3.97
hérnia	2.78
herói	3.93
heróico	3.17
heroína	3.02
hesitante	3.59
hidroavião	1.62
hiena	2.46
hierarquia	4.29
higiene	6.04
higiénico	5.51
hino	3.22
hipocrisia	3.65
hipopótamo	2.91
hipótese	5.35
história	4.91
histórico	4.47
homem	6.4
homenagem	3.45
homicida	3.7
homicídio	4.12
honesto	5.14
honra	3.98
hóquei	2.81
hora	6.85
horário	6.16
horizontal	4.3
horizonte	3.51
horror	4.54
horta	3.5
hortaliça	4.65
hortelã	2.98
hospedeiro	2.89
hospital	4.83
hostil	3.61
hostilidade	3.54
hotel	4.05
humanidade	4.29
humanitário	3.39
humano	5.22
humidade	4.46
húmido	4.82
humilde	4.44
humor	5.43
humorístico	3.41
iate	2.65
idade	5.76
ideal	5.09
ideia	6.05
identidade	4.53
ideologia	3.35
idiota	5.05
ídolo	3.92
idoso	5.04
ignorância	4.58
igreja	4.29
igual	6.19
igualdade	4.75
iguana	2.27
iguaria	2.95
ilegal	4.88
ilha	3.89
ilícito	3.5
ilimitado	4.25
ilusão	4.05
ilustre	3.36
imagem	5.94
imaturo	4.23
imbecil	4.31
imediato	4.81
imenso	5.63
imigrante	3.88
iminente	3.47
imoral	3.23
imortal	3.34
imóvel	4.0
impaciente	4.71
impacto	4.55
imparável	4.48
imparcial	4.02
impensável	4.39
imperador	2.58
imperativo	3.2
imperdoável	3.33
império	2.91
importação	4.21
importância	5.51
importante	6.2
impossível	5.57
imposto	5.0
impostor	3.33
impotente	3.45
impraticável	2.96
imprensa	4.67
impressão	5.12
imprevisto	5.05
imprudente	3.39
impulso	4.13
imundice	2.88
imundo	3.17
imunidade	3.67
inato	3.53
inauguração	3.34
incapaz	4.07
incêndio	3.95
incentivo	4.43
incerteza	4.71
incessante	2.82
inchaço	3.6
incidência	4.0
inclinação	3.96
inclinado	4.05
incoerente	3.39
incómodo	4.18
incompetente	4.43
incompleto	5.49
inconsciente	4.32
inconstante	4.28
incorrecto	5.27
incrível	5.21
indefeso	3.37
indemnização	3.74
independente	4.98
indicação	4.37
indicador	4.22
índice	4.6
indício	3.35
indiferença	4.53
indiferente	5.24
índio	2.68
indiscreto	3.4
indivíduo	5.36
indolente	1.93
indústria	4.21
industrial	3.95
infalível	4.2
infância	4.89
infantário	3.9
infante	2.38
infecção	3.75
infeliz	4.65
inferior	4.88
inferno	3.98
infiel	3.76
inflamado	3.52
influência	4.78
informação	6.19
ingénuo	4.55
íngreme	2.64
início	5.88
inimigo	3.97
injusto	4.86
inocência	4.28
inocente	4.47
inovação	4.16
inquérito	4.49
inquieto	4.12
insecto	4.51
inseguro	4.4
insípido	2.39
insolente	2.95
inspecção	3.37
inspiração	4.83
inspirado	4.78
instalação	4.56
instantâneo	4.25
instável	4.53
instituição	4.95
instituto	4.88
instrução	4.21
insucesso	4.19
insuficiente	4.45
insulto	4.09
intelecto	3.37
intelectual	4.1
inteligência	5.6
intenção	5.38
intensidade	4.77
intensivo	4.48
intenso	5.03
interesse	5.74
interesseiro	4.38
interior	5.51
interlocutor	2.96
intermédio	4.05
interminável	4.07
interno	4.46
intérprete	3.72
intervalo	6.34
intervenção	4.45
intestino	4.02
íntimo	4.7
intrometido	3.93
intruso	3.59
inundação	3.2
inútil	4.53
invasão	3.42
invasor	3.18
inveja	4.54
inverno	4.7
investigação	5.3
investimento	4.65
invulgar	4.56
ioga	3.0
iogurte	5.91
ira	2.82
irmão	6.08
ironia	4.83
irónico	5.02
irritado	5.14
isco	2.88
isenção	3.95
isqueiro	4.9
italiano	3.15
item	4.65
itinerário	3.22
jaguar	2.77
janela	6.35
jangada	1.96
jantar	6.58
jardim	5.0
jardineiro	3.3
jarro	3.68
javali	2.98
jazz	3.27
jeito	5.32
jipe	4.04
joaninha	3.0
joelho	5.45
jogada	4.52
jogador	5.43
jogo	6.0
jóia	3.82
jornada	3.42
jornal	5.93
jornalista	5.42
jovem	5.44
jovial	2.48
judaico	2.55
judeu	2.63
juiz	3.9
juízo	5.21
junta	4.15
júri	4.21
jurista	2.93
juro	5.0
justiça	4.88
justificação	4.77
justo	5.12
juvenil	3.98
juventude	4.79
kiwi	3.63
labareda	2.7
lábio	5.49
laboral	3.93
laboratório	4.21
laço	4.0
lacuna	3.3
lado	6.07
ladrão	4.59
lagartixa	3.19
lagarto	3.11
lago	3.91
lagoa	3.27
lagosta	2.87
lagostim	2.46
lágrima	4.21
lama	3.86
lamacento	2.3
lamentável	4.0
lâmina	3.89
lâmpada	4.88
lampreia	2.34
lança	2.98
lançamento	4.18
lancha	2.75
lanterna	3.6
lápis	6.25
lar	4.63
laranja	5.59
lareira	4.07
largo	5.04
largura	4.93
larva	2.66
lascivo	1.81
lata	4.93
lateral	4.04
lazer	4.42
leal	4.54
lealdade	4.34
leão	3.81
lebre	2.84
lectivo	4.53
legal	4.81
legenda	5.33
legião	2.5
legislação	4.26
legislativo	3.72
lei	5.07
leilão	3.33
leite	6.59
leitor	4.76
leitura	5.21
lenço	5.59
lenda	3.11
lento	5.0
leopardo	2.93
lepra	2.18
lesão	4.23
lésbica	3.67
lesma	3.46
letra	5.8
levedura	2.45
libélula	1.67
liberal	3.89
liberdade	4.88
libertação	4.09
libertador	3.51
libra	2.56
licença	4.47
licenciado	4.69
licor	3.51
líder	4.43
liderança	4.2
liga	5.09
ligação	5.31
ligadura	3.47
ligeiro	4.34
lima	3.54
limão	4.95
limitação	4.28
limite	4.81
limpeza	5.76
lince	2.6
lindo	5.95
língua	5.22
linguado	3.73
linguagem	5.34
linha	5.27
líquido	5.48
lírio	2.41
liso	4.95
lista	5.65
literário	3.58
litoral	4.09
litro	5.6
livraria	4.58
livre	5.67
livro	6.18
lixeira	4.21
lixo	6.02
lobo	3.4
local	5.6
localidade	5.04
localização	5.05
lodo	2.52
lógico	5.32
loiro	4.74
loja	5.93
longo	5.36
lontra	3.05
lotaria	3.95
louco	4.66
loucura	4.79
lua	5.07
lúcido	3.53
lucrativo	4.26
lucro	5.04
lúdico	3.14
lugar	5.95
lula	3.39
lume	4.66
luminoso	4.08
luta	4.86
luva	4.03
luxo	4.44
luz	6.3
maçã	5.82
macaco	3.98
maçaneta	3.71
maçarico	2.87
machado	2.98
macho	4.58
maciço	3.0
macio	4.41
madeira	4.41
madrugada	4.71
mãe	6.89
maestro	2.96
mágico	3.84
magistral	2.6
magnético	3.16
magnífico	4.73
magro	5.25
maionese	4.02
maior	6.31
mala	5.68
malabarismo	2.46
malandro	4.74
malária	2.51
maldito	3.95
malévolo	2.21
malícia	2.71
malicioso	3.41
malmequer	2.83
maluco	5.59
malvado	4.0
mama	4.68
mamilo	3.53
mancha	4.72
mandatário	2.46
mandato	3.23
mandrião	2.49
maneira	5.55
manequim	3.68
manga	4.7
manhã	6.74
manhoso	4.21
maníaco	3.35
manifestação	4.58
manifesto	3.41
manobra	4.18
mansão	3.14
manso	3.61
manteiga	5.93
manual	5.05
mão	6.16
mapa	4.39
maqueta	2.54
máquina	5.41
mar	4.8
maracujá	3.35
maravilhado	3.98
marca	5.0
marcador	4.76
marceneiro	1.96
marcha	4.0
maré	3.67
margem	4.04
maricas	3.95
marido	4.63
marmelo	2.46
marmota	2.29
marreta	2.89
martelo	3.5
máscara	4.05
mascote	3.88
massa	5.24
massacre	3.55
mastro	2.44
mata	4.04
matemática	4.81
matéria	5.89
material	5.71
matraca	2.91
matriz	3.37
mau	5.71
máximo	5.43
mecânico	3.76
mecanismo	4.23
medalha	3.38
média	5.12
mediano	3.15
medicina	4.86
médico	4.25
medida	4.64
médio	5.29
medo	5.18
medonho	3.34
medroso	3.26
megalómano	2.3
meia	6.27
meio	5.78
mel	3.88
melancia	3.64
melancolia	3.23
melão	3.47
melga	4.14
melhor	6.25
melhoria	5.05
meloa	3.5
melodia	4.16
melódico	2.72
melro	2.64
membro	4.63
memória	5.48
mendigo	3.64
menino	5.98
menor	5.33
mensal	4.67
mental	4.76
mentalidade	4.96
mente	5.41
mentira	5.22
mentiroso	5.07
mercado	4.8
mercadoria	4.2
merenda	3.93
mergulhador	3.05
mérito	4.35
mês	5.66
mesa	6.41
mesquinho	3.52
mestre	4.05
meta	4.32
metade	5.34
metal	4.19
método	4.82
metralhadora	3.0
metro	4.73
milagre	4.03
milénio	2.67
milhafre	2.08
milhão	4.78
milhar	3.3
milho	3.61
milícia	2.16
milionário	3.96
militar	3.55
mina	2.78
minhoca	3.76
mínimo	5.61
ministério	4.76
ministro	5.23
minoria	4.21
minucioso	3.36
minúsculo	3.84
minuto	6.68
miolo	3.43
miséria	5.3
missão	4.56
míssil	2.8
mistério	4.47
misterioso	3.96
místico	2.85
mistura	4.88
mítico	3.07
mito	3.72
miúdo	5.2
mobiliário	3.83
mobilidade	3.63
mochila	5.75
mocho	2.96
moda	4.81
modelo	4.64
moderado	5.04
moderno	4.95
modesto	4.36
modificação	4.33
modo	5.29
módulo	3.79
moeda	6.48
moinho	3.23
mola	4.61
molde	3.35
moldura	4.02
molécula	3.16
momento	5.74
monarquia	2.86
monstro	3.58
montanha	3.96
montante	4.79
monte	4.37
moral	4.69
morango	4.23
mórbido	2.86
morcego	3.2
mordomo	2.68
moreia	1.85
morgue	2.71
morsa	1.81
mortal	3.86
morte	4.6
morto	4.27
mosca	4.96
mosquito	4.55
mostarda	3.07
mostra	5.24
mota	4.41
motim	2.66
motivo	5.61
motocicleta	2.88
motor	4.46
motorista	4.8
motorizada	3.38
móvel	4.71
movimentado	4.42
movimento	5.36
muco	2.61
mudança	5.33
muleta	3.13
mulher	6.3
multa	3.86
multidão	4.6
múmia	2.35
mundial	4.45
mundo	5.25
municipal	4.03
munícipe	2.93
município	3.86
muralha	3.36
murmúrio	3.26
muro	4.29
musculado	4.23
músculo	4.72
museu	3.45
musgo	2.66
música	6.46
músico	5.11
mutação	3.39
nabiça	3.32
nabo	4.21
nacional	5.11
naco	2.91
nadador	3.65
namorado	5.48
namoro	5.33
narciso	2.29
narcótico	2.8
nariz	5.59
nascimento	4.14
natal	2.84
natural	5.72
natureza	5.02
náusea	3.2
navalha	3.1
nave	2.65
navio	3.28
neblina	3.05
necessário	5.79
necessidade	5.42
néctar	3.23
negativo	5.18
negligência	3.55
negociação	3.88
negociante	3.74
negócio	5.22
negro	4.82
néon	2.0
nervoso	5.65
neurótico	2.87
neutrão	2.35
neutro	3.86
neve	3.09
nevoeiro	4.23
ninho	3.39
níquel	1.94
nítido	4.05
nível	5.11
nó	4.29
noção	5.59
noite	6.51
noiva	3.23
nome	6.22
nomeação	3.72
norma	4.84
normal	6.32
norte	5.14
nota	6.26
notável	3.96
notícia	6.63
novela	5.41
novo	5.82
nu	4.52
nublado	4.98
nuclear	3.07
núcleo	3.68
nulo	4.25
numerário	3.79
número	6.6
numeroso	3.95
nupcial	2.32
nuvem	5.19
obediência	3.98
obesidade	4.3
obeso	4.09
objectivo	5.72
objecto	5.42
obra	4.61
obsceno	3.11
obscuro	3.29
observação	5.16
observador	4.59
observável	4.02
obsessão	4.66
obstáculo	4.51
óbvio	5.8
ocasião	4.19
ocaso	2.7
oceano	4.02
ocidental	3.27
oco	3.24
óculos	6.33
oculto	3.24
ocupação	5.05
ocupado	6.11
ocupante	3.69
ódio	4.38
ofegante	3.4
ofensivo	4.16
oferta	4.84
oficial	4.59
oficina	3.95
ofício	3.38
oficioso	2.64
óleo	5.02
olho	5.5
ombro	4.84
onça	2.33
onda	4.21
ondulante	2.68
opção	5.6
operador	3.67
opinião	5.98
oportunidade	5.41
oposição	4.8
opositor	3.57
oposto	4.63
óptica	4.02
optimismo	4.72
opulento	2.12
oração	4.11
orador	3.11
orangotango	1.95
órbita	2.97
orçamento	5.04
ordem	5.07
ordenado	4.72
ordenamento	2.98
ordinário	3.77
orelha	5.3
organismo	4.47
organização	5.02
órgão	4.44
orgasmo	4.66
orgulho	5.0
orgulhoso	4.93
orientação	4.36
orientador	3.7
orifício	3.0
origem	4.75
originário	3.57
ornitorrinco	1.92
orquestra	3.28
orquídea	3.33
osso	4.43
ostra	2.65
ouriço	2.63
ouro	4.07
outono	3.32
ouvido	5.25
oval	2.89
ovelha	3.83
ovo	5.07
pá	4.28
paciente	4.96
pacífico	4.25
pacote	5.51
padeiro	4.57
padrão	4.39
padre	3.79
pagamento	5.68
página	6.27
pai	6.35
painel	3.96
país	5.64
paisagem	4.82
paixão	5.42
palácio	3.4
palavra	6.51
palco	3.97
palestra	4.0
palhaço	4.16
pálido	4.07
palma	4.07
palmada	3.84
pancada	4.32
panda	3.39
pandeireta	2.67
panela	5.51
panfleto	4.23
pânico	3.68
pano	5.41
panorâmico	3.2
pântano	2.71
pantera	2.8
pão	6.73
papa	3.88
papagaio	3.57
papaia	2.96
papel	6.53
papeleira	3.38
papoila	2.57
par	4.89
parafuso	4.03
paragem	5.4
paraíso	3.96
paralelo	3.96
paralisia	3.19
parâmetro	4.08
parasita	3.27
parcela	2.77
pardal	2.98
parede	5.34
pargo	2.08
parlamentar	3.47
parlamento	4.6
paróquia	3.32
parque	5.05
parte	5.98
parteira	2.3
participação	5.54
particular	4.8
partida	4.49
partido	4.97
páscoa	2.73
passado	5.11
passageiro	4.57
passagem	4.98
pássaro	5.05
passeio	5.4
passivo	4.0
passo	5.36
pasta	5.4
pastelaria	5.58
pasteleiro	4.12
pastor	3.24
patente	3.22
pateta	4.13
pato	4.09
patrão	5.02
pátria	3.13
património	4.05
patriota	2.74
patriótico	2.93
patrocínio	3.79
patrono	2.13
patrulha	3.47
pau	4.54
pausa	5.96
pavão	2.45
pavilhão	4.25
paz	4.86
pé	6.4
peça	4.86
pecado	4.12
pecaminoso	2.0
peçonha	1.69
pedaço	5.07
pedido	5.36
pedra	5.07
pedrado	3.67
pedreira	2.96
peito	5.09
peixe	5.59
pele	5.71
pelicano	2.25
pelotão	2.56
pena	5.03
penalidade	3.54
penca	2.87
penedo	2.91
penetrante	3.25
pénis	4.25
pensamento	5.91
pensão	3.67
pensativo	5.11
pente	5.09
pepino	4.25
pepita	2.8
pequeno	6.05
pêra	4.93
percentagem	5.26
percurso	4.74
perda	4.72
perdão	4.34
perdido	5.07
perdiz	2.6
perfeição	5.05
perfeito	5.71
perfil	5.23
perfume	5.34
pergunta	6.2
perigo	4.82
perigoso	5.11
período	4.57
periquito	3.23
perito	3.95
permanência	3.98
perna	5.42
pérola	3.47
persistente	4.83
personagem	4.84
perspectiva	4.92
perspicaz	4.0
perturbação	4.12
peru	4.19
pervertido	3.47
pesadelo	3.68
pesado	5.52
pesaroso	1.98
pesca	3.31
pescada	4.3
pescador	3.67
pescoço	5.14
peso	5.56
pesquisa	5.96
pêssego	4.27
pessimismo	4.49
péssimo	4.79
pessoa	6.69
pessoal	6.2
peste	3.53
pétala	3.5
petardo	2.36
petição	3.39
petróleo	4.18
piada	6.23
piano	3.51
pico	3.95
piedade	3.4
pigmeu	2.0
pijama	5.95
pila	4.03
pilha	4.1
piloto	3.77
pimenta	4.65
pimento	4.0
pincel	4.07
pinguim	2.91
pinhal	3.12
pinheiro	4.0
pinta	3.98
pintainho	2.94
pintassilgo	2.09
pintor	3.64
pintura	4.16
piolho	3.0
pior	5.7
piquete	2.02
pirâmide	3.24
piranha	2.54
pirata	3.3
piscina	3.81
piso	4.74
pista	4.26
pistola	3.52
planeta	4.09
planície	2.85
plano	5.25
planta	5.25
plantação	3.81
plasma	3.81
plástico	5.11
plateia	3.67
plenário	2.04
pleno	3.98
plural	4.27
pneu	4.21
pó	5.07
pobre	5.19
pobreza	5.28
poço	3.18
poder	5.29
poderoso	4.65
podre	4.23
poeira	3.88
poema	3.66
poesia	3.86
poético	3.38
polar	3.47
polegada	2.98
polegar	4.46
polícia	5.04
policial	4.04
política	5.69
político	5.78
pólo	4.25
poltrona	3.33
poluição	4.83
polvo	3.68
pomar	3.16
pomba	3.55
pónei	3.02
ponta	4.89
pontapé	4.63
ponte	4.7
ponto	5.55
pontuação	4.64
pontual	5.28
popa	2.0
população	5.07
popular	4.81
póquer	3.82
porcaria	5.1
porco	4.67
pormenor	4.97
porta	6.47
portagem	4.14
portão	5.33
porteiro	3.94
porto	4.81
português	6.17
pose	3.38
posição	5.38
positivo	5.98
possível	6.15
posto	4.37
postura	4.84
potência	4.63
potente	4.21
poupança	5.46
povo	4.88
povoação	3.63
pradaria	2.15
praia	4.48
prateleira	4.78
prática	5.68
prático	5.68
prato	6.52
prazer	5.28
prazo	5.4
precipício	3.3
preciso	5.78
preço	6.73
prédio	5.4
prefácio	2.79
prego	3.59
preguiçoso	5.18
prejudicial	4.38
prejuízo	4.81
prémio	4.6
prenda	4.27
preocupação	5.67
preocupado	5.44
preparação	5.07
presença	5.22
presente	5.44
presidência	4.11
presidente	5.26
preso	4.49
pressa	5.84
pressão	4.71
pressuposto	4.0
prestação	4.1
prestigiante	3.11
prestígio	4.09
presunçoso	3.04
preto	5.98
prévio	3.58
primavera	3.57
primitivo	2.85
principal	5.41
príncipe	3.91
princípio	5.47
prioridade	4.81
prisão	3.8
privacidade	4.84
privado	4.96
privatização	3.81
privilégio	4.28
problema	5.82
problemático	4.04
procedimento	5.28
processo	4.9
procura	5.66
prodigioso	2.61
produção	4.75
produto	5.58
proeza	3.4
professor	6.46
profissão	5.18
profissional	5.45
profundidade	4.19
programa	5.57
progresso	4.78
proibição	4.56
projecto	4.98
promessa	4.72
promoção	4.67
promotor	3.02
pronto	6.38
propaganda	4.06
propenso	3.38
propina	4.37
proporção	4.32
proporcional	4.46
propósito	4.65
proposta	5.0
propriedade	4.6
proprietário	4.3
prosa	2.58
prosperidade	3.36
prostituta	3.39
protecção	4.81
protegido	4.63
proteína	4.43
prova	4.96
provação	2.84
proveito	4.29
proveitoso	3.79
proveta	2.2
província	3.47
provocador	4.38
proximidade	4.3
próximo	5.67
prudente	3.96
psicólogo	4.98
publicidade	5.66
público	5.35
pudim	3.34
pugilista	2.4
pulga	3.05
pulmão	4.25
púlpito	1.92
pulsação	4.12
pulseira	4.36
pulso	4.84
punhado	2.58
punhal	2.54
punho	3.84
puro	4.42
pus	3.95
putrefacto	1.89
quadra	3.19
quadrado	4.7
quadro	5.21
qualidade	5.36
quantia	4.6
quantidade	5.56
quartel	3.2
quarto	6.67
quebra	4.18
quebrado	3.77
queda	4.23
queijo	5.81
queimado	3.93
queimadura	3.76
queixa	4.65
queixo	4.19
quente	6.33
queque	3.89
querido	5.12
questão	5.68
quieto	5.26
quilate	2.17
quilómetro	5.32
químico	3.54
quinta	4.93
rã	2.98
rabanete	2.2
rabo	5.25
raça	4.05
raciocínio	5.16
racional	4.54
racismo	4.19
racista	3.92
radiação	3.54
radiador	3.32
radiante	4.02
radical	4.39
rádio	5.45
raia	2.61
rainha	3.77
raio	3.79
raiva	4.66
raiz	4.08
rameira	2.19
ramo	4.26
rançoso	2.72
rapariga	6.21
rapaz	5.88
rapidez	5.23
rápido	6.2
raposa	3.2
rapto	3.2
raquete	2.96
raro	5.43
raso	3.07
rasto	3.19
rato	4.82
razão	5.88
razoável	4.77
reacção	5.0
real	5.17
realidade	5.88
realista	5.05
realização	4.79
realizador	4.1
rebelde	4.4
reboque	3.23
rebuçado	4.91
rebuliço	2.7
recado	4.8
receio	4.55
receita	4.84
recente	5.12
receoso	3.81
receptivo	4.28
rechonchudo	3.42
recife	2.29
recinto	4.02
recipiente	4.47
recital	2.46
reclamação	4.44
recluso	2.83
recolha	4.71
recomendável	4.39
recompensa	4.49
recordação	4.54
recordações	4.57
recreio	3.25
rectangular	4.13
recuperação	4.56
recuperável	3.84
recurso	4.5
recusa	4.0
rede	5.0
redondo	4.53
redução	5.18
reembolso	3.93
refeito	2.72
refém	3.28
referendo	2.7
reflexão	4.93
reflexo	4.28
reforço	4.4
reforma	4.62
refresco	4.19
refrigerante	4.57
regador	3.3
regata	2.28
região	4.6
regime	3.93
regional	3.82
registo	4.89
regra	5.38
regresso	4.6
régua	4.4
regulamento	4.5
rei	3.71
reino	2.98
reitor	3.47
relação	5.95
relâmpago	3.27
relance	2.95
relato	4.27
relaxado	4.42
relevante	4.75
relevo	3.39
religião	4.43
relíquia	3.13
relógio	5.78
relva	4.53
relvado	4.11
remate	4.16
remédio	4.74
remendo	2.96
remoto	3.05
remuneração	4.11
renda	3.6
renovação	3.86
rentável	4.26
repartição	2.86
repetição	5.11
repetitivo	4.91
repleto	3.77
réplica	3.72
repolho	3.13
reportagem	4.81
repórter	4.12
réptil	3.39
repugnante	3.28
reserva	4.41
reservado	4.3
reservatório	2.98
resíduo	3.86
resistente	4.44
respectivo	4.98
respeitador	4.56
respeitável	4.5
respeito	5.45
respiração	5.52
responsável	5.42
resposta	6.24
restante	4.55
restaurante	5.14
resto	5.25
restos	5.02
restrito	3.91
resultado	5.7
resultante	4.18
resumo	5.46
retirada	3.43
retorno	4.07
retrato	3.91
reunião	5.41
reversível	3.51
revestimento	3.37
revisão	4.47
revista	5.14
revolta	4.26
revólver	3.08
riacho	2.76
ribeiro	3.58
rico	4.91
ridículo	4.91
rígido	4.23
rigoroso	4.48
rim	3.09
rinoceronte	2.2
rio	4.74
riqueza	4.86
risco	5.04
riso	5.96
ritmo	4.63
ritual	3.49
robalo	3.16
robe	4.16
rocha	4.14
roda	4.86
rodagem	2.96
rola	3.05
roldana	1.96
rolha	4.72
roliço	2.09
rolo	4.36
romã	2.83
romance	5.07
romântico	5.21
rombo	2.25
rosa	4.79
roseira	3.32
rosto	5.12
rotina	5.23
roupa	6.58
roupão	4.12
roupeiro	4.47
rouxinol	2.73
rua	6.25
rude	3.68
ruído	4.83
ruidoso	4.05
ruína	3.24
rumo	3.75
rural	3.47
rústico	3.33
sábado	5.38
sábio	3.72
sabor	5.72
sabre	1.88
sacerdote	2.84
saco	5.71
sacrifício	4.79
safira	2.38
sagaz	2.02
sagrado	3.78
saia	4.65
saída	5.88
sal	6.0
sala	6.4
salada	5.74
salão	4.23
salário	4.98
salgalhada	2.88
saliência	3.02
saliente	3.79
salmão	3.84
salsa	4.36
salsicha	4.66
saltitante	3.03
salvador	3.11
salvamento	3.73
sanção	2.98
saneamento	3.32
sangrento	3.12
sangue	4.72
sanita	6.02
sanitário	3.91
santo	4.5
santuário	2.8
sapateira	3.48
sapateiro	3.55
sapatilha	5.79
sapato	6.25
sapo	3.97
sarampo	2.29
sarcástico	3.86
sardinha	4.12
satisfação	5.16
satisfatório	4.55
satisfeito	5.74
saudação	4.53
saudade	5.44
saudável	5.4
saúde	5.81
sável	1.43
saxofone	2.82
sé	2.69
sebo	2.15
seca	5.86
secador	4.95
secção	4.4
seco	5.52
secretária	5.38
secretário	3.91
secreto	4.37
sector	4.3
século	4.0
secundário	4.46
seda	3.07
sede	5.74
sedutor	4.41
segredo	4.67
segundo	5.87
segurança	5.13
seguro	5.02
seio	4.12
selo	3.8
selvagem	4.11
semana	5.96
semanal	4.55
semelhança	4.61
semente	3.63
semestre	5.36
seminário	3.43
senado	2.52
senador	2.48
senhor	6.36
sensação	5.07
sensato	4.07
sensual	4.47
sentido	5.33
sentimental	4.69
sentimento	5.35
separação	4.41
separado	4.75
sepultura	2.82
sequência	4.98
sereno	4.05
série	5.5
seringa	3.25
sério	5.63
sermão	4.02
serpente	3.1
serra	3.45
serralheiro	3.2
serrote	2.53
serviço	5.32
sessão	4.74
seta	3.86
severo	3.66
sexo	5.55
sexual	4.96
sífilis	1.94
significado	5.04
sílaba	3.9
silêncio	5.71
silencioso	5.18
simbólico	3.75
símbolo	4.62
simpático	5.6
simples	6.29
simplicidade	4.45
sinal	5.36
sincero	5.57
sinistro	3.15
sino	3.37
sinónimo	4.28
síntese	4.47
sintoma	4.04
sintomático	2.55
sistema	5.3
sistemático	3.82
sítio	5.55
situação	5.82
snobe	2.31
soberania	2.98
soberbo	2.87
sobrancelha	4.41
sobretudo	4.72
sóbrio	4.14
social	5.26
socialista	3.93
sociável	4.76
sociedade	5.39
soco	4.09
socorro	4.12
sofá	6.3
sofrimento	4.68
soja	3.52
sol	6.5
solar	4.04
soldado	3.74
solene	2.84
solha	2.3
solicitador	2.75
solidão	4.23
sólido	4.44
solitário	4.3
solo	3.89
solto	4.21
solução	5.56
soluço	4.05
soma	5.28
sombra	4.69
sonda	2.61
sondagem	3.48
soneto	2.72
sonho	5.67
sono	6.47
sonoro	4.27
sopa	6.13
sorriso	6.07
sorte	5.47
sorteio	4.09
sortudo	4.45
sossegado	5.32
sótão	3.25
sotaque	4.47
soviético	2.15
sozinho	5.26
suave	4.49
subida	5.09
súbito	3.63
subjectivo	4.98
subjugado	2.53
submarino	2.56
suborno	3.25
subsídio	4.63
substituição	4.71
subterfúgio	1.77
sucesso	5.07
suficiente	5.39
sugestão	5.05
suicídio	3.67
sujeito	5.62
sujidade	4.56
sujo	5.57
sumo	6.1
suor	5.16
superficial	4.07
superfície	4.35
suporte	4.14
supremo	2.93
surdo	3.88
surpreendido	4.61
surpresa	4.84
surto	3.05
suspeita	4.53
suspensão	3.33
suspenso	3.7
sustento	3.98
tabaco	5.02
tabela	5.16
tabu	3.3
tabuleiro	4.31
taça	4.3
tacho	5.27
táctica	3.97
talento	4.75
talhante	3.15
tamanho	5.7
tâmara	2.33
tamboril	2.7
tangerina	4.04
tango	2.85
tanque	3.3
tapeçaria	2.71
tapete	4.79
tarde	6.54
tardio	3.71
tarefa	5.74
tarifa	3.96
tartaruga	3.68
tarte	4.07
tatu	2.38
taxa	4.53
táxi	3.84
taxista	4.02
tear	2.02
teatral	3.32
teatro	3.89
tecido	4.28
técnica	5.02
técnico	4.79
tecnologia	5.61
tecnológico	5.14
tecto	4.64
tédio	4.58
tela	3.32
teleférico	2.73
telefone	6.55
telefonema	5.71
televisão	6.61
televisor	5.52
telhado	3.68
tema	5.0
temeroso	2.59
temperatura	5.85
tempestade	4.09
templo	2.88
tempo	6.61
temporada	4.75
temporário	4.39
tendência	4.74
ténis	4.53
tenista	3.0
tensão	4.28
tenso	4.77
tentativa	4.93
teor	3.16
teoria	5.33
teórico	5.24
térmite	1.51
termo	4.19
termómetro	3.72
terno	2.77
ternura	4.26
terra	4.93
terreno	4.54
território	4.2
terrível	4.79
terror	3.96
terrorista	3.89
tese	3.82
tesoura	4.74
tesouro	3.1
testa	4.38
testemunho	3.53
têxtil	3.4
texto	6.18
textura	3.58
texugo	2.55
tigela	5.05
tigre	3.42
tijolo	3.47
tímido	4.67
tinta	4.09
típico	5.16
tipo	6.6
tiro	3.77
titã	2.33
título	5.36
tocha	2.54
toga	1.92
tolerância	4.22
tolerante	4.14
tolo	5.07
tom	4.42
tomada	4.46
tomate	5.27
tonelada	3.45
tonto	3.98
topo	4.43
toranja	2.54
tornado	2.92
torneio	4.09
torneira	5.35
tornozelo	4.05
torradeira	4.95
torre	3.61
torto	4.67
tortura	3.84
tosse	4.48
total	5.59
touro	3.27
tóxico	3.36
toxina	3.09
trabalhador	5.75
trabalho	6.64
trabalhoso	4.95
traço	4.32
tractor	3.59
tradicional	4.47
tráfego	4.58
tráfico	4.35
tragédia	4.38
trágico	4.02
traição	3.8
traidor	3.6
tralha	4.18
tranquilo	5.3
trânsito	5.76
transmissão	4.21
transporte	6.04
transtornado	3.41
trapaceiro	2.38
trapalhão	4.02
traseira	4.53
tratado	4.22
tratamento	4.89
trauma	4.09
travessa	4.29
travessia	2.96
travessura	2.46
trégua	2.81
treinador	4.57
treino	5.14
trenó	2.21
tribo	2.46
tributo	3.03
triciclo	3.04
trincheira	2.13
trio	3.77
tripulação	3.0
tripulante	3.02
triste	5.25
tristeza	5.09
triunfante	2.95
triunfo	3.97
troféu	3.65
trólei	2.05
trombeta	2.07
trompete	2.45
trono	2.57
trunfo	3.18
truque	4.21
truta	2.6
tubarão	3.05
tubo	3.73
tucano	2.12
tulipa	2.91
tumor	3.48
turbante	2.24
turismo	4.33
turista	4.05
turma	6.09
tutela	2.87
úlcera	2.55
último	5.82
umbigo	3.9
unânime	3.53
unha	5.58
único	5.36
unidade	4.58
unilateral	2.91
universo	3.79
urbanização	3.81
urbano	3.84
urgente	4.93
urina	4.14
urna	2.3
urso	3.67
urtiga	2.74
urze	1.67
usado	5.11
utensílio	4.3
útil	5.53
utilitário	3.81
utilização	5.73
utopia	2.5
vaca	4.53
vacina	2.89
vaga	4.02
vagina	3.92
vago	3.88
vaidade	4.24
vaidoso	4.55
vaivém	2.31
vale	4.05
valente	4.3
valentia	2.75
válido	4.98
valioso	4.02
valor	5.36
valorização	3.91
vampiro	2.89
vândalo	3.14
vantagem	4.96
variante	3.93
variável	5.28
variedade	5.09
varíola	1.61
varredor	3.05
vaso	3.98
vassoura	4.88
vasto	3.79
vazio	5.33
veado	3.14
vedeta	3.32
vegetal	5.45
vegetativo	2.86
veia	3.98
veículo	4.84
vela	4.53
veleiro	2.32
velho	5.44
velocidade	5.07
veloz	3.37
vencedor	4.96
venda	4.89
vendedor	4.74
veneno	3.2
venenoso	3.4
ventania	3.96
vento	5.69
ventre	3.16
verão	4.84
verba	3.38
verbo	4.65
verdade	5.86
verdadeiro	5.96
verde	5.3
vereador	2.89
vergonha	4.82
vermelho	5.63
versão	4.53
verso	4.09
vértice	3.36
vespa	3.0
véspera	4.26
vestido	5.16
vestígio	3.78
vestuário	5.37
veterano	3.37
veterinário	3.7
vez	6.56
via	4.76
viaduto	3.32
viagem	4.67
viatura	4.91
viável	4.41
víbora	3.16
viciado	4.6
vida	6.28
vidro	5.39
vigilância	3.97
vigoroso	3.11
vila	4.68
vinho	4.74
viola	4.16
violação	3.45
violência	4.89
violento	4.61
violeta	3.47
violino	3.13
violoncelo	2.57
viragem	3.48
virgem	3.96
vírgula	5.23
viril	2.82
virtude	4.04
visão	5.52
visita	4.83
visitante	4.25
vista	5.14
visto	5.09
visual	5.1
vitela	4.17
vítima	4.64
vitória	4.91
vivaz	2.06
vivo	5.8
vizinho	5.51
vocação	4.12
vogal	4.09
volante	4.96
volta	5.86
volume	4.91
vómito	3.86
vontade	5.59
voo	4.03
votação	4.11
voto	3.81
vovó	2.92
voz	5.45
vulcão	2.5
vulgar	4.51
xadrez	3.13
xarope	3.45
xilofone	2.39
zangado	5.1
zebra	2.95
zelo	2.83
zona	5.04
