aba	3.009
abacate	2.269
abacaxi	1.835
abadia	2.97
abandonado	4.255
abandono	4.552
abate	4.064
abatido	3.799
abelha	2.9339999999999997
aberração	3.301
abertura	5.182
abóbora	2.944
abolição	4.034
abordagem	4.331
aborrecido	3.577
aborto	4.6080000000000005
abraço	3.926
abrigado	2.819
abrigo	4.521
abstenção	4.251
absurdo	4.192
abundância	3.781
abundante	3.715
abuso	4.2589999999999995
abutre	2.81
acácia	2.597
académico	3.949
acampamento	4.0
acanhado	2.906
acção	5.322
aceleração	3.951
acessível	4.038
acesso	5.216
acessório	3.293
acidente	4.94
ácido	3.745
aço	4.043
acolhedor	3.202
acompanhante	3.3489999999999998
aconchego	2.951
acordeão	3.523
acordo	5.707999999999999
acre	2.608
acta	3.7910000000000004
actividade	5.2829999999999995
activista	3.668
activo	4.423
acto	4.912
actor	4.7219999999999995
actriz	4.492
actuação	4.87
actual	5.474
açúcar	4.0569999999999995
açucena	2.322
acumulação	4.103
acusação	4.766
acusado	4.739
adaptação	4.505
adaptável	2.702
adega	3.5410000000000004
adepto	3.9419999999999997
adequado	4.242
adesão	4.784
adeus	4.192
adiamento	4.368
admiração	4.038
admirado	3.4619999999999997
admirável	3.86
admissão	4.12
adolescência	3.904
adolescente	4.069
adopção	4.381
adoração	3.237
adorável	2.841
adulto	3.859
adversário	4.782
adversidades	3.0389999999999997
advogado	4.794
aéreo	4.2010000000000005
aeroporto	4.743
afecto	3.9389999999999996
afectuoso	2.782
afeição	3.21
afiado	2.5580000000000003
afinidade	3.287
afirmação	4.6739999999999995
aflito	3.383
agência	5.062
agenda	4.629
agente	4.585
ágil	3.3089999999999997
agilidade	3.52
agitação	4.24
agonia	3.7910000000000004
agradável	4.285
agradecido	3.214
agravamento	4.313
agressão	4.38
agressivo	3.865
agrião	2.069
agricultor	3.9010000000000002
agricultura	4.832
agrupamento	3.958
água	5.416
águia	3.648
agulha	3.523
aia	3.011
aipo	2.676
ajuda	5.081
alargamento	4.717
alarme	4.095
albatroz	2.452
álbum	4.784
alcachofra	2.051
alcance	4.407
alce	2.12
álcool	4.346
alcoólico	3.52
alcoolismo	3.648
aldeia	4.745
aleatório	3.2430000000000003
alegre	4.0569999999999995
alegria	4.562
além	5.6739999999999995
alemão	5.013
alergia	2.975
alerta	4.57
alface	3.162
alfaiate	3.16
alfarroba	2.508
alfinete	2.912
alho	3.6489999999999996
aliado	4.195
aliança	4.6160000000000005
alicate	2.597
alienação	4.04
alimentação	4.371
alimentar	4.502
alimento	3.7030000000000003
alívio	4.088
alma	4.761
almoço	4.6080000000000005
almofada	3.347
alojamento	4.034
alperce	2.069
alta	5.047
altar	3.883
alternativa	4.837
alternativo	4.003
altitude	4.061
alto	5.055
altura	5.5360000000000005
alucinante	3.549
aluguer	4.1530000000000005
alumínio	4.018
aluno	4.336
alvo	4.861000000000001
ama	3.9730000000000003
amabilidade	3.0069999999999997
amado	3.5410000000000004
amante	4.124
amarelo	4.306
amargo	3.714
amável	3.4530000000000003
âmbar	3.0069999999999997
ambição	4.257
ambicioso	4.0280000000000005
ambiente	5.218999999999999
ambiguidade	3.8510000000000004
âmbito	5.132999999999999
ambulância	3.864
ameaça	4.885
ameaçador	3.295
ameixa	2.291
amêndoa	3.115
amendoim	2.75
americano	4.947
amigável	3.655
amigo	4.864
amizade	4.391
amnistia	4.217
amor	4.967
amora	3.505
amoroso	3.5180000000000002
amostra	4.053999999999999
amplitude	3.971
amplo	4.15
amuado	2.54
análise	4.987
analista	4.0760000000000005
ananás	2.988
anão	2.992
anchova	2.18
ancinho	2.0869999999999997
âncora	3.408
andebol	4.225
andorinha	2.9539999999999997
anel	3.7939999999999996
ângulo	3.8539999999999996
angústia	4.093
angustiado	3.1189999999999998
angustiante	3.219
animação	4.6080000000000005
animado	4.005
animal	4.404
ânimo	3.87
aniversário	4.6739999999999995
anjo	3.885
ano	6.084
anonimato	4.12
anormal	3.8
anseio	3.176
ansiedade	4.035
ansioso	3.467
antecedente	3.0469999999999997
antena	4.4719999999999995
anterior	5.252000000000001
antigo	5.206
anual	4.676
anulação	4.129
anúncio	4.755
anzol	2.947
apaixonado	3.904
apanhador	1.92
aparelho	4.611000000000001
aparência	3.9610000000000003
aparição	3.917
apartamento	4.11
apático	3.009
apelo	4.756
apertado	3.823
apetite	3.839
apito	3.54
aplauso	3.589
apoiante	3.786
apoio	5.4670000000000005
aposta	4.788
apreensão	4.17
aprendizagem	4.22
apresentação	4.99
aprisionado	2.813
aprovação	4.85
aproximação	4.534
apuramento	4.4510000000000005
aquecimento	4.053
ar	5.1080000000000005
arado	3.2030000000000003
arame	3.596
aranha	3.365
arara	2.342
arbitragem	4.385
árbitro	4.666
arbusto	2.835
arca	3.4819999999999998
arco	4.104
areia	4.354
arenque	2.452
arguido	4.306
arma	4.556
armadilha	3.653
armado	4.167
armamento	4.176
armário	3.557
armazém	4.138
arquipélago	4.2
arquitecto	4.599
arquitectura	4.569
arquivo	4.064
arranjo	4.066
arranque	4.406000000000001
arrendamento	3.846
arrependido	3.7319999999999998
arrepio	3.603
arrogante	3.694
arroz	4.209
arrumado	3.426
arte	5.125
artéria	3.832
artesanato	4.123
artesão	3.3110000000000004
articulação	4.258
artificial	4.152
artigo	5.0280000000000005
artilharia	4.0680000000000005
artista	4.688
artístico	4.261
árvore	4.275
ás	3.721
asa	3.9210000000000003
ascendente	3.873
ascensão	4.167
asilo	4.217
asma	3.342
aspecto	4.821000000000001
áspero	3.045
aspirador	2.806
assaltante	3.839
assassínio	4.33
assassino	3.997
assembleia	5.072
assento	4.065
assessor	4.218999999999999
assinatura	4.699
assobio	2.8680000000000003
associação	5.207999999999999
associado	4.242
assunto	5.114
assustado	3.398
assustador	3.4589999999999996
astronauta	3.477
atacante	3.787
ataque	4.985
atenção	5.103
atencioso	2.575
atentado	4.626
atento	4.258
aterrorizado	2.865
atitude	5.04
atlântico	3.238
atleta	4.409
atmosfera	4.413
átomo	3.358
atracção	4.229
atractivo	3.74
atrasado	4.038
atraso	4.817
atrevido	3.1630000000000003
atribuição	4.596
atum	3.4789999999999996
audição	4.178999999999999
audiência	4.747
audiovisual	4.218
auditoria	4.037
auditório	4.448
aula	4.1610000000000005
aumento	5.285
ausência	4.959
ausente	4.313
autarca	4.928
autarquia	5.257999999999999
autêntico	4.192
autocarro	4.388999999999999
automóvel	4.845
autonomia	4.742
autor	5.202000000000001
autoria	4.551
autoridade	4.662
autoritário	3.64
autorização	4.6930000000000005
auxílio	4.341
avalanche	3.39
avaliação	4.803999999999999
avanço	4.532
avarento	2.633
avareza	2.7680000000000002
avaria	3.9739999999999998
ave	4.04
avelã	2.151
avenida	4.343
avental	3.09
aventura	4.516
avestruz	3.122
aviação	4.053999999999999
avião	4.73
avioneta	2.99
aviso	4.473
avô	4.019
azar	4.084
azedo	2.917
azeite	4.151
azeitona	3.259
azul	4.584
azulejo	3.5269999999999997
bacalhau	4.168
bacia	4.021
bacon	2.909
bagageira	3.403
bagagem	3.772
bagunça	2.6180000000000003
bailarino	3.571
baile	3.925
bairro	4.7989999999999995
baixo	4.678
bala	3.9019999999999997
balança	4.145
balanço	4.754
balão	3.846
balcão	4.0889999999999995
balde	3.536
baleia	3.602
baliza	4.546
balneário	3.5869999999999997
baloiço	2.662
bambu	3.0660000000000003
banal	3.76
banana	3.523
banca	4.441
bancada	4.675
bancário	4.281000000000001
banco	5.129
banda	4.877
bandeira	4.524
bando	3.9419999999999997
bandolim	3.056
banha	3.201
banheira	3.307
banho	4.474
bar	4.503
barata	4.079
barato	4.163
barba	3.877
barco	4.624
barra	4.282
barraca	3.8539999999999996
barragem	4.466
barreira	4.276
barriga	3.8560000000000003
barril	3.593
barro	3.905
barulhento	2.841
barulho	4.1739999999999995
básico	4.446000000000001
basquetebol	4.507
bastão	3.117
bastardo	2.9339999999999997
batalha	4.735
batata	3.8789999999999996
batedeira	2.031
bateria	4.091
baú	2.9960000000000004
bêbado	3.312
bebé	4.227
bebida	3.8569999999999998
beco	3.533
begónia	1.73
beijo	3.792
beleza	4.519
beliche	2.6889999999999996
beliscão	2.2569999999999997
belo	4.323
bênção	3.8510000000000004
benéfico	3.417
benevolente	3.033
bengala	3.4130000000000003
bengaleiro	2.467
berbequim	2.623
beringela	2.22
besouro	2.0869999999999997
besta	3.332
betão	4.0760000000000005
beterraba	3.262
biblioteca	4.388
bicicleta	4.1930000000000005
bico	3.638
bife	3.4930000000000003
bigorna	2.421
bilhete	4.2669999999999995
biografia	4.07
biológico	3.577
biólogo	3.529
biombo	3.043
bisbilhotice	2.495
biscoito	2.194
bisonte	2.104
bispo	4.663
bisturi	2.714
bizarro	3.543
blasfémia	3.049
bloco	4.513999999999999
bloqueio	4.32
blusa	3.092
boca	4.654
bocado	4.402
bode	3.608
bofetada	3.2760000000000002
boi	3.4389999999999996
boicote	4.212
bola	4.9239999999999995
bolacha	2.803
boletim	4.06
bolha	2.937
bolo	3.997
bolor	2.8289999999999997
bolsa	4.841
bolso	4.157
bom	5.4079999999999995
bomba	4.508
bombardeiro	2.838
bombeiro	3.804
bondade	3.821
boné	3.497
boneco	3.577
bonito	4.261
bónus	3.577
borboleta	3.117
borracha	3.773
bosta	2.515
bota	3.563
botão	3.6919999999999997
boxe	3.6489999999999996
braço	4.609
branco	4.824
breve	4.91
brigada	4.038
brilhante	4.348
brilho	4.129
brincadeira	4.016
brinquedo	3.491
brisa	4.168
britânico	4.887
brócolos	2.57
bronze	4.275
brutal	4.082
bruto	4.129
búfalo	2.7260000000000004
buraco	4.317
burla	3.947
burocracia	4.096
burro	3.7239999999999998
busca	4.638
bússola	3.111
busto	3.404
cabana	3.2889999999999997
cabeça	5.172999999999999
cabelo	4.295
cabide	2.5810000000000004
cabra	3.4739999999999998
caça	4.579
caçadeira	3.7569999999999997
caçador	3.658
cação	2.648
caçarola	2.54
cacau	3.2489999999999997
cachecol	2.9419999999999997
cachimbo	3.2260000000000004
cacifo	2.352
cacto	2.4130000000000003
cadáver	4.144
cadeado	3.16
cadeia	4.705
cadeira	4.34
cadeirão	2.972
cadela	3.19
caderno	4.141
café	4.566
cais	4.257
caixa	4.718
caixão	3.605
caixote	3.517
caju	2.623
calcanhar	3.429
calças	4.091
cálcio	3.438
calções	3.57
cálculo	4.244
caldeira	3.4530000000000003
calendário	4.588
cálice	3.261
calma	4.408
calmo	4.0489999999999995
calor	4.535
caloroso	3.1660000000000004
cama	4.398
camada	4.035
camaleão	2.819
câmara	5.4879999999999995
camarada	3.859
câmbio	4.0760000000000005
camelo	3.092
camião	4.217
caminho	5.202999999999999
camioneta	3.6889999999999996
camisa	3.997
camisola	4.265
campanha	5.31
campeão	4.7780000000000005
campeonato	5.045
campo	5.263
camponês	3.4139999999999997
cana	3.4610000000000003
canal	5.03
canário	2.865
canção	4.447
cancro	4.513
candeeiro	3.389
candidato	5.154
candidatura	4.981
caneca	2.85
caneta	3.591
canguru	2.648
canhão	3.478
caniche	2.0869999999999997
cano	3.392
canoa	3.237
cansaço	4.096
cansado	4.062
cansativo	3.082
cântico	3.0780000000000003
cantiga	3.27
canto	4.633
cantor	4.35
cão	4.254
caos	4.3580000000000005
capa	4.266
capacete	3.635
capacidade	5.223
capaz	4.977
capela	4.194
capital	5.501
capitalismo	4.1819999999999995
capitalista	3.8760000000000003
capitão	4.455
capítulo	4.547
capote	3.483
capricho	3.4739999999999998
captação	3.985
capuz	2.8710000000000004
cara	4.725
caracol	3.3139999999999996
carácter	4.916
caranguejo	3.073
carapau	3.222
caravana	4.02
carbono	3.991
carcaça	3.114
cárcere	3.135
cardeal	4.056
cardíaco	3.72
cardume	2.592
careca	3.431
carência	3.8960000000000004
careta	2.8289999999999997
carga	4.622
cargo	5.092
carícia	2.885
caril	2.779
carinho	3.79
carnaval	4.079
carne	4.651
carneiro	3.443
caro	4.4
carocha	2.885
caroço	2.5639999999999996
carpa	2.4290000000000003
carpinteiro	3.3539999999999996
carreira	5.038
carril	2.8710000000000004
carrinha	4.101
carro	4.997
carroça	3.304
carruagem	3.674
carta	5.101
cartão	4.5969999999999995
cartaz	4.303
carteira	4.328
carteiro	3.278
casa	5.624
casaco	3.9339999999999997
casado	4.093999999999999
casal	4.672
casamento	4.592
casca	3.5380000000000003
cascata	3.432
casino	3.952
caso	5.83
cassete	3.8569999999999998
castanha	3.445
castelo	4.421
castigo	4.258
casual	3.233
catálogo	4.276
catástrofe	4.177
catastrófico	3.323
catatua	1.92
católico	4.178999999999999
cauda	3.813
caudal	3.92
caule	2.488
cautela	3.781
cavaleiro	3.93
cavalo	4.319
cavaquinho	3.051
cave	3.861
caveira	3.0660000000000003
caverna	3.1910000000000003
cebola	3.675
cedência	4.343999999999999
cego	3.917
cegonha	3.182
celebração	4.266
célebre	4.461
célula	3.822
cemitério	4.3260000000000005
cena	4.851
cenário	4.8919999999999995
cenoura	3.278
censura	4.381
centímetro	3.361
centopeia	2.031
central	5.252000000000001
centro	5.41
céptico	3.5789999999999997
cerâmica	4.185
cereal	3.2539999999999996
cerebral	3.8739999999999997
cérebro	4.263999999999999
cereja	3.0069999999999997
cerimónia	4.825
ceroulas	2.5340000000000003
certeiro	3.322
certeza	4.838
certificado	3.778
cerveja	4.221
cesto	3.673
céu	4.697
chacina	3.443
chaleira	2.2569999999999997
chama	4.865
chamada	4.796
chaminé	3.43
chantagem	3.909
chão	4.641
chapa	3.608
chapéu	4.138999999999999
charme	3.695
charrete	2.245
charuto	3.2910000000000004
chave	4.3469999999999995
chávena	3.197
chefe	5.222
chefia	4.2780000000000005
chegada	4.843
cheio	4.516
cheiro	4.245
cheiroso	2.546
cheque	4.167
cherne	2.7680000000000002
chicharro	2.379
chicória	2.28
chicote	3.125
chimpanzé	2.698
chinelo	2.437
chocalho	2.452
chocolate	3.6310000000000002
choque	4.524
chouriço	3.265
chumbo	4.123
chuva	4.668
cicatriz	2.983
ciclista	3.968
ciclo	4.898
ciclone	3.279
cidadania	4.14
cidadão	4.6819999999999995
cidade	5.667000000000001
ciência	4.672
científico	4.354
cientista	3.925
cigano	3.7089999999999996
cigarra	2.667
cigarro	3.906
cimeira	4.8180000000000005
cimento	4.144
cineasta	4.349
cinema	5.188
cinto	3.7539999999999996
cinzeiro	2.988
cinzento	3.86
cio	2.775
circo	4.083
circuito	4.708
circulação	4.775
círculo	4.45
cirurgia	3.844
cirúrgico	2.947
cisne	3.2310000000000003
citação	3.827
ciúme	3.386
ciumento	2.761
cívico	3.805
civil	5.106
civilização	4.311
clã	3.74
clandestino	4.013
clareza	4.073
clarinete	3.533
classe	4.887
cláusula	3.9930000000000003
cliente	4.458
clima	4.765
clímax	3.205
clínica	4.257
clube	5.246
coador	1.73
cobarde	3.2889999999999997
coberto	4.148
cobertura	4.6080000000000005
cobra	3.717
cobrança	4.107
cocaína	4.306
coche	2.927
coco	3.051
código	4.471
codorniz	2.4130000000000003
coelho	3.4189999999999996
coerente	4.074
coesão	4.2780000000000005
cofre	3.639
cogumelo	2.772
coiote	1.893
coisa	5.435
coito	2.793
cola	3.64
colaboração	4.841
colagem	3.758
colapso	4.067
colchão	3.3110000000000004
colecção	4.59
colega	4.4510000000000005
colégio	4.082
cólera	3.971
colete	3.495
colheita	3.944
colher	4.067
colina	3.6519999999999997
colisão	4.074
coliseu	4.129
colmeia	2.7060000000000004
colocação	4.497
colonial	4.2219999999999995
colóquio	4.374
coluna	4.188
comandante	4.808
comando	4.766
combate	4.967
combinação	4.004
comboio	4.63
combustível	4.24
começo	4.394
comédia	4.2989999999999995
comemoração	3.9360000000000004
comentário	4.479
comercial	4.975
comerciante	4.0969999999999995
comércio	4.977
cometa	3.673
comício	4.355
cómico	3.7289999999999996
comida	4.3660000000000005
comissão	5.354
comissário	4.5680000000000005
cómoda	3.38
compacto	3.665
companheiro	4.333
comparação	4.394
compatível	3.949
compatriota	4.146
competência	4.544
competente	3.991
competição	4.848
competitivo	4.041
completo	4.581
complexidade	4.117
complexo	4.64
complicado	4.331
componente	4.431
composição	4.55
compota	2.608
compra	4.93
compreensão	4.324
comprimento	4.375
comprimido	3.363
compromisso	4.743
comprovativo	3.156
computador	4.63
comum	5.056
comunicação	5.124
comunidade	5.202999999999999
comunismo	4.228
comunista	4.8389999999999995
comunitário	4.532
conceito	4.643
concelho	5.303999999999999
concentração	4.705
concentrado	3.8539999999999996
concerto	4.888
concessão	4.599
concha	3.464
conclusão	4.887
concorrência	4.788
concorrente	4.194
concreto	4.421
concurso	5.042
conde	4.1
condenação	4.343999999999999
condição	4.754
condor	2.437
condução	4.401
conduta	4.26
condutor	4.408
conferência	5.205
confiança	4.97
confiante	4.255
confidencial	3.5439999999999996
conflito	4.962
confortável	4.039
conforto	4.1530000000000005
confronto	4.623
confusão	4.606
confuso	3.73
congelador	2.813
congresso	5.142
congro	2.291
conhecido	4.962
conhecimento	5.015
cônjuge	3.278
conjunto	5.324
conquista	4.543
consciência	4.85
conselho	5.085
consenso	4.619
consequência	4.776
consideração	4.302
considerável	4.209
consolado	2.633
constituição	4.9639999999999995
construção	5.47
construtor	4.16
consulado	3.9789999999999996
consulta	4.575
consultório	3.52
consumo	4.956
conta	5.507999999999999
contacto	4.815
contagem	4.195
contaminação	4.044
contenda	3.505
contente	4.209
contestação	4.516
conteúdo	4.6160000000000005
contexto	4.705
continência	2.75
continente	4.671
continuação	4.444
conto	4.199
contorno	3.281
contradição	4.122
contrário	5.285
contraste	4.196000000000001
contratação	4.315
contratempo	3.228
contrato	5.048
controlador	3.18
controlo	5.09
conveniente	3.978
convento	4.1080000000000005
convergência	4.431
conversa	4.753
convicção	4.567
convicto	4.0760000000000005
convidado	4.534
convite	4.7010000000000005
convívio	4.2860000000000005
cooperação	4.939
coordenação	4.45
cópia	4.138999999999999
copo	4.109
cor	4.781000000000001
coração	4.863
coragem	4.542
corajoso	3.449
coral	3.66
corda	4.0360000000000005
cordeiro	3.2060000000000004
cordel	3.09
coreografia	3.968
corneta	2.445
coro	4.3469999999999995
coroa	4.189
coronel	4.184
corpo	5.162000000000001
corpulento	2.7680000000000002
correcção	4.196000000000001
correcto	4.202
corredor	4.3660000000000005
correia	3.3169999999999997
correio	4.252
corrente	4.84
corrida	4.957
corrupção	4.738
corrupto	3.355
corte	4.703
cortejo	4.063
cortesia	3.4810000000000003
córtex	2.667
cortiça	3.74
coruja	2.685
corvo	3.5860000000000003
costa	4.553999999999999
costas	4.622
costume	4.2860000000000005
costureiro	3.1039999999999996
cotovelo	3.165
cotovia	3.207
couve	3.197
coxa	3.556
cozinha	4.368
cozinheiro	3.466
crachá	2.269
crânio	3.498
cratera	3.4210000000000003
cravo	3.537
crédito	4.788
credor	3.574
crença	3.931
crepe	2.445
crepúsculo	3.4189999999999996
crescimento	5.167000000000001
cretino	2.437
criado	4.7410000000000005
criador	4.104
criança	4.845
criatividade	4.113
criatura	3.6510000000000002
crime	4.963
criminal	4.227
criminoso	3.924
crise	5.236000000000001
crista	3.272
cristal	3.7239999999999998
cristaleira	2.12
cristianismo	4.0169999999999995
critério	4.379
crítica	4.8389999999999995
crítico	4.523
crocodilo	3.3
crónica	4.131
cronómetro	2.947
croquete	2.011
crosta	3.083
crucial	4.092
cruel	3.998
cruzamento	4.303999999999999
cruzeiro	3.8939999999999997
cuco	2.613
cuidado	4.562
cuidadoso	3.293
culpa	4.5969999999999995
culpado	4.0280000000000005
culto	4.445
cultura	5.343
cultural	5.079
cumplicidade	4.118
cunha	3.279
cupão	3.918
cúpula	3.736
cura	4.02
curioso	4.395
currículo	4.081
curso	5.122000000000001
curto	4.812
curva	4.114
custo	4.748
cutelo	2.7889999999999997
dado	5.263
dália	2.4130000000000003
dama	3.8089999999999997
damasco	2.859
dança	4.75
dano	3.449
data	5.157
debate	5.247000000000001
débil	3.63
década	4.909
decadência	3.924
decente	3.4610000000000003
decisão	5.476
decisivo	4.497
declaração	4.869
declínio	4.025
declive	3.194
decoração	4.034
decreto	4.397
decurso	4.114
dedal	2.2569999999999997
dedicado	4.574
dedo	4.229
defeito	3.926
defensivo	3.843
defensor	4.15
defesa	5.419
défice	4.696000000000001
deficiência	3.845
deficiente	4.093999999999999
definição	4.718999999999999
degradação	4.454
delegação	4.833
delegado	4.478
deleite	3.17
delgado	3.4960000000000004
delicado	3.8710000000000004
delicioso	3.307
delírio	3.862
delito	3.8939999999999997
demente	2.822
demissão	4.815
democracia	4.999
democrata	4.289
demolição	4.077
demónio	3.5
demonstração	4.184
demora	4.192
densidade	3.9930000000000003
denso	3.467
dente	3.59
dentista	3.2939999999999996
denúncia	4.338
departamento	4.622
dependência	4.374
dependente	4.415
depoimento	4.06
depósito	4.226
depressão	3.946
deprimido	3.2260000000000004
deputado	5.027
derrota	4.874
derrotado	4.302
desafio	4.726
desagradável	3.833
desajeitado	2.18
desanimado	2.9789999999999996
desastre	4.348
desastroso	3.5039999999999996
desavença	2.8
descanso	4.191
descarado	3.0069999999999997
descarga	3.9
descida	4.685
desconfiado	3.38
desconfiança	4.257
descontente	3.677
desconto	4.071000000000001
descontraído	3.427
descrição	4.093
desculpa	4.2139999999999995
desdém	3.3489999999999998
desdenhoso	2.57
desejo	4.795
desempenho	4.416
desemprego	4.963
desenhador	3.5869999999999997
desenho	4.529
deserto	4.284
desertor	2.909
desesperado	3.717
desespero	4.3
desfavorável	3.9210000000000003
desfecho	4.274
desfiladeiro	2.6710000000000003
desfile	4.28
desgaste	4.024
desgosto	3.733
desgraça	4.173
designação	4.428999999999999
desigualdade	3.752
desilusão	4.01
desleal	3.5869999999999997
deslocação	4.579
desocupado	2.865
desordenado	3.1239999999999997
despedida	4.111000000000001
despedimento	4.138999999999999
desperdício	3.623
despesa	4.2410000000000005
despido	3.2030000000000003
desportivo	4.54
desporto	5.018
desprezo	3.9789999999999996
destemido	2.89
destino	4.901
destreza	3.2439999999999998
destruição	4.58
desvantagem	4.065
desvio	4.263999999999999
detalhe	3.7
detenção	4.487
detido	4.5760000000000005
deus	4.0969999999999995
dever	4.552
devoção	3.755
dia	6.0120000000000005
diabo	4.173
diálogo	4.939
diamante	3.367
diário	4.802
dica	2.8
diferença	4.95
diferente	5.0760000000000005
difícil	5.281000000000001
dificuldade	4.744
difusão	4.192
dígito	2.603
dignidade	4.545
digno	4.04
dilúvio	3.2239999999999998
dimensão	4.917
dinâmica	4.388
dinâmico	3.7319999999999998
dinamismo	3.9739999999999998
dinastia	3.7760000000000002
dinheiro	5.36
dinossauro	3.6289999999999996
diocese	4.061
dióspiro	0.991
diploma	4.673
diplomacia	4.446000000000001
diplomata	4.285
direcção	5.422999999999999
directo	4.806
director	5.317
direita	5.013
direito	5.388999999999999
dirigente	5.032
disciplina	4.526
discípulo	3.573
disco	4.906000000000001
discoteca	4.27
discreto	4.062
discurso	5.106
discussão	5.0569999999999995
disforme	2.853
disparate	3.701
disparo	3.7460000000000004
disponível	4.658
disposição	4.683
dispositivo	4.119
disputa	4.541
dissidente	3.8310000000000004
distância	4.829
distante	4.242
distinção	4.237
distinto	3.5639999999999996
distribuição	4.908
distrito	4.989
ditado	3.7030000000000003
ditador	4.025
ditadura	4.373
ditongo	1.99
divã	2.932
divergência	3.815
diversão	3.844
diversidade	4.281000000000001
divertido	3.9389999999999996
dívida	4.809
divino	3.733
divisa	3.9989999999999997
divisão	4.887
divórcio	4.093
divulgação	4.765
doce	4.226
docente	4.298
documento	5.19
doença	4.955
doente	4.587
dogma	3.3569999999999998
doido	3.4589999999999996
dólar	4.757
doloroso	3.685
dom	4.291
domicílio	3.7060000000000004
dominado	4.1160000000000005
dominante	4.295
domingo	5.189
domínio	4.9319999999999995
doninha	2.22
dono	4.431
dor	4.507
dose	4.1339999999999995
dourada	3.715
dourado	3.5989999999999998
doutor	4.191
doutrina	4.103
dragão	3.483
drama	4.406000000000001
dramático	4.065
droga	4.944
drogado	2.8
dromedário	2.166
dúbio	2.772
duelo	4.121
dueto	3.4610000000000003
duque	3.8110000000000004
duração	4.572
duro	4.516
dúvida	4.931
duvidoso	3.8
dúzia	4.478
ecológico	3.8989999999999996
económico	4.977
economista	4.171
ecossistema	3.406
ecrã	4.371
edição	5.2829999999999995
edifício	5.073
editor	4.5360000000000005
editora	4.476
edredão	1.944
educação	5.223
educado	3.543
educador	3.0389999999999997
educativo	4.146
efectivo	4.2330000000000005
efeito	5.106
eficácia	4.647
eficaz	4.605
eficiência	4.087
eficiente	3.9389999999999996
ego	3.446
egoísta	3.3989999999999996
eixo	4.297
electricista	3.2760000000000002
eléctrico	4.196000000000001
elefante	3.635
elegante	3.929
eleição	4.6930000000000005
eleitor	3.674
eleitorado	4.498
eleitoral	5.115
elemento	4.777
elenco	4.302
elevação	3.946
elevador	3.7739999999999996
elite	4.168
elogio	4.021
embaixada	4.446000000000001
embaixador	4.596
embalagem	3.785
embaraçado	3.2439999999999998
embarcação	4.1080000000000005
embargo	4.408
embate	3.985
embraiagem	2.8710000000000004
embrião	3.755
emergência	4.537
emigração	4.151
emissão	4.69
emoção	4.388999999999999
emocional	3.987
empate	4.614
empenhado	4.026
empenho	4.279
empregado	3.7319999999999998
emprego	5.053
empreitada	4.155
empresa	5.667000000000001
empresário	4.703
empréstimo	4.4510000000000005
encanto	3.835
encargo	3.65
encéfalo	2.322
encenação	4.494
encenador	4.272
encerramento	4.784
encontro	5.462000000000001
endereço	3.69
endinheirado	2.291
energia	4.874
enérgico	3.262
enfadonho	2.6710000000000003
enfarte	3.2560000000000002
enfermagem	3.8080000000000003
enfermaria	3.38
enfermeiro	3.516
enfermidade	2.986
enferrujado	2.437
enfurecido	2.718
engano	3.9530000000000003
engenheiro	4.413
engenho	3.997
engraçado	3.66
engrenagem	3.35
enguia	2.8160000000000003
enjoado	2.37
enorme	4.96
ensaio	4.375
enseada	2.806
ensinamento	2.932
ensino	5.235
entediante	2.623
entendimento	4.553
enterro	3.6439999999999997
entidade	4.727
entrada	5.28
entrega	4.746
entrevista	4.971
entusiasmado	3.635
entusiasmo	4.467
envelope	3.5580000000000003
envergonhado	3.352
envio	4.323
enxada	3.142
enxame	2.9419999999999997
enxaqueca	2.75
epidemia	3.9739999999999998
episódio	4.538
época	5.315
equilíbrio	4.6339999999999995
equipa	5.648
equipamento	4.816
equívoco	3.83
erótico	3.367
errado	4.103
erro	4.718
erudito	3.2510000000000003
esboço	3.668
escada	3.949
escala	4.6610000000000005
escalada	4.073
escalão	4.163
escândalo	4.484
escanzelado	1.92
escaravelho	2.508
escasso	3.825
escavação	3.448
escoamento	3.891
escola	5.297999999999999
escolar	4.585
escolha	5.004
escolta	3.471
escorbuto	2.508
escorpião	2.9939999999999998
escotilha	2.657
escova	3.037
escravidão	3.16
escravo	3.466
escrita	4.713
escritor	4.761
escritório	4.265
escriturário	2.698
escrivaninha	2.575
escudo	4.633
escultor	3.9019999999999997
escultura	4.271
escumalha	2.379
escuro	4.1
esfera	4.11
esfomeado	2.575
esforço	4.908
esgoto	3.536
esmagador	3.259
esófago	2.702
espacial	4.361000000000001
espaço	5.481
espada	3.9539999999999997
espadarte	2.73
espanador	1.534
espanhol	5.008
espantado	3.488
espanto	4.132
espantoso	3.764
espargo	1.893
esparguete	2.698
especial	5.165
espécie	5.093
espectacular	4.251
espectáculo	5.193
espectador	4.341
especulação	4.1
espelho	4.22
espera	5.287000000000001
esperança	4.8180000000000005
esperto	3.202
espesso	3.344
espinafre	1.73
espingarda	3.594
espinho	4.295
espírito	4.925
espirituoso	2.421
esplanada	3.9419999999999997
esponja	3.207
espora	1.9680000000000002
esposa	4.167
esposo	3.127
espuma	3.597
esquadra	4.343
esquecimento	4.038
esquelético	2.332
esquema	4.43
esquilo	2.37
esquina	3.897
esquisito	3.3569999999999998
essência	4.051
essencial	4.828
estábulo	2.71
estaca	3.469
estação	5.007
estádio	4.681
estado	5.789
estágio	4.274
estagnado	2.909
estaladiço	2.031
estaleiro	3.88
estante	3.3710000000000004
estatal	4.369
estatística	3.906
estátua	4.065
estatuto	4.905
estável	4.212
esterco	2.765
esteróide	2.104
estética	4.273
estilo	4.824
estimativa	3.918
estímulo	3.9560000000000004
estômago	3.8960000000000004
estrada	4.968999999999999
estrago	2.753
estrangeiro	4.902
estranho	4.5569999999999995
estratagema	3.261
estratégia	5.08
estreia	4.888
estrela	4.6339999999999995
estridente	3.045
estrondo	3.4619999999999997
estrume	3.0010000000000003
estrutura	5.075
estudante	4.404
estúdio	4.35
estudo	5.257000000000001
estúpido	2.937
esturjão	2.233
etapa	4.777
eterno	4.022
ética	4.33
ético	3.678
etnia	4.033
étnico	3.5980000000000003
eucalipto	3.463
eufórico	3.3139999999999996
europeu	5.129
evento	4.468
eventual	4.856
evidência	4.292
evidente	4.84
evolução	5.013
exacto	3.968
exame	4.379
excelência	4.235
excelente	4.797
excepção	4.84
excepcional	4.2410000000000005
excessivo	4.101
excesso	4.555
excitação	3.6510000000000002
excitado	2.9960000000000004
exclusão	4.394
excremento	1.944
excursão	3.445
execução	4.789
executivo	5.144
exemplar	4.375
exemplo	5.5489999999999995
exercício	4.9110000000000005
exército	4.988
exibição	4.6080000000000005
exigência	4.495
exílio	4.195
existência	5.147
existente	4.6739999999999995
êxito	4.781000000000001
expansão	4.561
expectativa	4.578
experiência	5.096
explicação	4.585
exploração	4.837
explosão	4.582
explosivo	3.6639999999999997
exportação	4.227
exposição	5.228
expressão	4.936
expressivo	3.603
expresso	4.191
expulsão	4.32
êxtase	3.444
extensão	4.574
extenso	3.891
exterior	4.79
externo	4.165
extinção	4.362
extremidade	3.4389999999999996
fã	3.367
fábrica	4.816
fabricante	3.96
fabrico	4.324
fábula	3.528
fabuloso	3.7960000000000003
faca	4.002
face	5.3229999999999995
fachada	4.077
facial	3.011
fácil	5.039
facilidade	4.386
facto	5.73
factor	4.6610000000000005
factura	4.084
faculdade	4.263999999999999
fadiga	3.62
fado	4.371
faia	2.8
faisão	2.6430000000000002
faísca	3.037
faixa	4.4239999999999995
falcão	3.72
falência	4.368
falha	4.2330000000000005
falhado	3.946
falhanço	3.9419999999999997
falido	3.133
falso	4.287
falta	5.501
fama	4.251
família	5.268
familiar	4.648
faminto	2.6889999999999996
famoso	4.433
faneca	2.552
fantasia	4.023
fantasma	4.136
fantástico	4.018
fardo	3.5010000000000003
farinha	3.93
farmacêutico	3.537
farmácia	3.825
faro	4.459
farol	3.612
farolim	2.2569999999999997
fascismo	4.013
fase	5.349
fatal	4.1930000000000005
fatia	4.158
fatigado	2.949
fato	4.103
favela	2.97
favor	5.051
favorito	4.16
fé	4.628
febre	4.085
fechado	4.37
fecho	4.657
federação	4.7589999999999995
federal	4.456
fedor	2.613
fedorento	2.0869999999999997
feijão	3.6860000000000004
feio	3.693
feira	4.831
feitiço	3.2769999999999997
felicidade	4.248
felino	2.508
feliz	4.603
feminino	4.547
fenda	3.168
feno	2.888
fenómeno	4.715
feriado	3.122
férias	4.898
ferida	3.971
ferido	4.316
ferimento	3.3
feroz	3.895
ferramenta	3.53
ferro	4.625
festa	5.046
festival	4.803
festivo	3.44
fétido	2.515
fiança	3.259
fibra	3.6889999999999996
ficção	4.499
ficha	3.887
ficheiro	3.795
fidelidade	4.144
fiel	4.332
figo	4.02
figura	4.999
figurino	3.775
fila	4.195
filho	5.021
filme	5.365
filosofia	4.591
filtro	3.373
fim	5.687
final	5.752999999999999
finalidade	4.065
finança	3.255
financeiro	4.8069999999999995
fino	3.924
fio	4.356
firma	4.308
firmamento	3.218
firme	4.346
fiscal	4.809
fiscalização	4.5760000000000005
fisco	4.062
físico	4.374
fita	3.9819999999999998
fixação	4.206
flácido	1.99
flamingo	2.18
flauta	3.73
flecha	3.565
flexível	3.801
flor	4.125
floresta	4.382
florestal	4.093
fluxo	4.003
foca	3.227
foco	4.11
fogão	3.423
fogo	4.9239999999999995
foguetão	3.8339999999999996
foguete	3.1510000000000002
fôlego	4.04
folha	4.274
folheto	3.7119999999999997
folho	1.689
fome	4.619
fonte	5.181
força	5.297000000000001
forçado	4.096
forma	5.841
formação	5.296
formal	4.511
formato	4.251
formiga	3.2310000000000003
formoso	3.148
fórmula	4.657
fornecimento	4.293
forno	3.9939999999999998
forte	5.272
fortuna	4.138999999999999
fórum	4.591
fotografia	4.687
fotográfico	3.681
fotógrafo	4.062
fracasso	4.331
fraco	4.327
fragância	1.29
frágil	4.148
fragmento	3.4939999999999998
francês	5.18
franco	4.176
franja	3.318
fraqueza	3.986
frasco	3.299
frase	4.591
fraude	4.262
freira	3.335
frenético	3.341
frente	5.535
frequência	4.533
frequente	4.192
fresco	4.115
frigideira	3.085
frigorífico	3.603
frio	4.521
fronteira	4.771
frota	4.316
frouxo	2.927
frustração	3.946
frustrado	3.4960000000000004
fruta	3.988
fruto	4.388
fuga	4.6739999999999995
fugidio	2.5639999999999996
fumo	4.2330000000000005
funcionário	4.593
fundação	4.606
fundamental	4.87
fundamento	4.1339999999999995
fundo	5.212999999999999
funeral	4.101
fungo	2.912
funil	2.9419999999999997
furacão	3.43
furão	2.245
furgão	2.648
fúria	4.061
furioso	3.605
furto	4.061
fusão	4.452
futebol	5.36
futebolista	4.207
futuro	5.428999999999999
fuzil	2.069
gado	4.265
gafanhoto	2.332
gaio	2.22
gaiola	3.284
gaivota	2.944
gala	3.877
galé	2.388
galeria	4.435
galinha	3.752
galinhola	1.893
galo	3.553
gama	3.0010000000000003
gancho	2.9989999999999997
ganga	3.4419999999999997
gangrena	2.8819999999999997
ganho	4.502
ganso	2.7569999999999997
garantia	4.708
garfo	3.13
garganta	3.813
garnisé	1.534
garoupa	2.702
garrafa	4.018
gasolina	4.331
gasto	4.059
gástrico	2.474
gato	4.042
gatuno	2.648
gaveta	3.877
gavião	2.93
gazela	2.515
gel	3.122
gelado	3.5589999999999997
gelatina	2.949
geleia	2.75
geleira	1.893
gelo	4.125
gémeo	3.1910000000000003
gene	4.039
género	4.808
generoso	3.785
genial	3.862
génio	4.199
gente	5.337999999999999
gentil	3.508
genuíno	3.5780000000000003
geração	4.74
geral	5.436
germes	2.8819999999999997
gestão	5.225
gesto	4.5680000000000005
gestor	4.206
gigante	4.257
ginasta	2.937
ginja	2.011
girafa	2.628
girassol	3.2510000000000003
giro	3.4010000000000002
giz	2.8789999999999996
glaciar	2.9339999999999997
global	4.92
glória	4.284
goiaba	1.73
golfe	4.32
golfinho	3.1189999999999998
golo	5.016
golpe	4.685
goraz	2.3609999999999998
gordo	3.65
gordura	3.659
gorila	2.765
gótico	3.0989999999999998
governação	4.085
governador	4.772
governante	4.288
governo	5.928
gozo	3.95
graça	4.45
gráfico	3.9930000000000003
gralha	3.056
granada	3.7760000000000002
grande	5.9079999999999995
grandeza	4.124
grandioso	3.4010000000000002
granito	3.767
grão	3.763
gratidão	3.5860000000000003
grato	3.3689999999999998
gratuito	3.891
grau	4.622
gravata	3.8339999999999996
grave	4.944
gravidade	4.453
gravidez	4.23
gravilha	2.6180000000000003
gravura	3.569
graxa	2.597
grelha	4.22
grelhador	2.28
greve	4.979
grilo	3.248
grito	4.096
groselha	2.166
grosseiro	3.319
grosso	4.069
grupo	5.733
guarda	4.809
guerra	5.483
guerrilha	4.343999999999999
gueto	3.2089999999999996
guia	4.301
guião	3.728
guilhotina	2.965
guincho	3.443
guitarra	4.367
guloso	2.742
habilidade	3.838
habilidoso	2.841
habitação	4.803
habitante	3.8789999999999996
hábito	4.321000000000001
habitual	4.756
hambúrguer	1.29
harpa	3.342
haxixe	4.048
helicóptero	4.165
herança	4.33
herdeiro	4.011
hereditário	2.85
hérnia	2.793
herói	4.385
heróico	3.415
heroína	4.427
hesitante	3.3680000000000003
hidroavião	2.445
hiena	2.99
hierarquia	4.244
higiene	4.138999999999999
higiénico	3.222
hino	4.012
hipocrisia	4.033
hipopótamo	2.648
hipótese	5.088
história	5.511
histórico	4.809
homem	5.504
homenagem	4.663
homicida	2.885
homicídio	4.343999999999999
honesto	3.7110000000000003
honra	4.64
hóquei	4.154
hora	5.334
horário	4.546
horizontal	3.694
horizonte	4.404
horror	4.113
horta	3.9130000000000003
hortaliça	2.7960000000000003
hortelã	2.958
hospedeiro	3.0669999999999997
hospital	5.019
hostil	3.82
hostilidade	3.786
hotel	4.696000000000001
humanidade	4.433
humanitário	3.759
humano	4.69
humidade	3.95
húmido	3.49
humilde	3.8339999999999996
humor	4.502
humorístico	3.051
iate	3.908
idade	5.047
ideal	4.592
ideia	5.395
identidade	4.725
ideologia	4.157
idiota	3.258
ídolo	3.634
idoso	3.6630000000000003
ignorância	4.123
igreja	5.045
igual	4.864
igualdade	4.569
iguana	2.069
iguaria	2.676
ilegal	4.5169999999999995
ilha	4.856
ilícito	3.6310000000000002
ilimitado	3.318
ilusão	4.148
ilustre	3.832
imagem	5.236000000000001
imaturo	2.445
imbecil	3.075
imediato	4.395
imenso	4.406000000000001
imigrante	3.39
iminente	4.008
imoral	3.425
imortal	3.596
imóvel	4.395
impaciente	3.36
impacto	4.565
imparável	3.7430000000000003
imparcial	3.404
impensável	3.866
imperador	4.007
imperativo	3.325
imperdoável	3.383
império	4.579
importação	4.248
importância	5.1160000000000005
importante	5.4
impossível	4.814
imposto	4.619
impostor	2.54
impotente	3.62
impraticável	3.339
imprensa	5.334
impressão	4.446000000000001
imprevisto	3.4339999999999997
imprudente	2.951
impulso	4.146
imundice	1.6440000000000001
imundo	2.782
imunidade	3.784
inato	2.685
inauguração	4.622
incapaz	4.256
incêndio	4.718
incentivo	3.9739999999999998
incerteza	4.074
incessante	3.452
inchaço	2.628
incidência	4.211
inclinação	3.698
inclinado	3.449
incoerente	3.1310000000000002
incómodo	3.9410000000000003
incompetente	3.417
incompleto	3.3930000000000002
inconsciente	3.762
inconstante	2.965
incorrecto	3.4410000000000003
incrível	4.046
indefeso	2.8930000000000002
indemnização	4.426
independente	4.781000000000001
indicação	4.27
indicador	4.253
índice	5.091
indício	3.6919999999999997
indiferença	4.1419999999999995
indiferente	4.171
índio	3.465
indiscreto	2.667
indivíduo	4.646
indolente	2.5639999999999996
indústria	5.042
industrial	4.855
infalível	3.2489999999999997
infância	4.532
infantário	3.443
infante	3.801
infecção	4.042
infeliz	4.078
inferior	4.685
inferno	4.136
infiel	3.051
inflamado	3.12
influência	4.83
informação	5.331
ingénuo	3.595
íngreme	3.0469999999999997
início	5.502999999999999
inimigo	4.388999999999999
injusto	3.917
inocência	4.099
inocente	4.129
inovação	4.238
inquérito	4.958
inquieto	3.4819999999999998
insecto	3.2030000000000003
inseguro	3.29
insípido	2.6889999999999996
insolente	2.977
inspecção	4.265
inspiração	4.309
inspirado	3.969
instalação	4.907
instantâneo	3.154
instável	3.7569999999999997
instituição	5.041
instituto	4.6339999999999995
instrução	4.3069999999999995
insucesso	3.986
insuficiente	4.239
insulto	3.635
intelecto	2.803
intelectual	4.3580000000000005
inteligência	4.328
intenção	4.968999999999999
intensidade	4.32
intensivo	3.3989999999999996
intenso	4.248
interesse	5.1739999999999995
interesseiro	2.515
interior	5.149
interlocutor	3.978
intermédio	4.115
interminável	3.667
interno	4.625
intérprete	4.136
intervalo	4.619
intervenção	5.312
intestino	3.265
íntimo	3.9
intrometido	2.302
intruso	3.089
inundação	3.3739999999999997
inútil	4.063
invasão	4.413
invasor	3.148
inveja	3.9189999999999996
inverno	4.542
investigação	5.087
investimento	5.178999999999999
invulgar	3.947
ioga	3.156
iogurte	2.9810000000000003
ira	3.695
irmão	4.6739999999999995
ironia	4.321000000000001
irónico	3.8
irritado	3.6239999999999997
isco	3.114
isenção	4.147
isqueiro	3.1060000000000003
italiano	4.86
item	3.312
itinerário	3.1510000000000002
jaguar	3.102
janela	4.405
jangada	3.0869999999999997
jantar	4.697
jardim	4.724
jardineiro	3.1189999999999998
jarro	2.775
javali	3.128
jazz	4.712
jeito	5.144
jipe	3.7460000000000004
joaninha	2.9939999999999998
joelho	3.964
jogada	4.226
jogador	5.018
jogo	5.605
jóia	3.6919999999999997
jornada	5.026
jornal	5.251
jornalista	4.904
jovem	5.165
jovial	3.085
judaico	3.859
judeu	4.11
juiz	4.852
juízo	4.101
junta	4.789
júri	4.573
jurista	3.963
juro	4.879
justiça	5.118
justificação	4.354
justo	4.349
juvenil	4.1530000000000005
juventude	4.699
kiwi	2.7460000000000004
labareda	2.734
lábio	3.0989999999999998
laboral	4.243
laboratório	4.353
laço	3.4939999999999998
lacuna	3.6630000000000003
lado	5.754
ladrão	3.766
lagartixa	1.92
lagarto	3.0660000000000003
lago	4.056
lagoa	3.945
lagosta	3.2910000000000004
lagostim	2.657
lágrima	3.3569999999999998
lama	4.0280000000000005
lamacento	2.397
lamentável	4.047
lâmina	3.412
lâmpada	3.3960000000000004
lampreia	3.4010000000000002
lança	4.4430000000000005
lançamento	4.8660000000000005
lancha	3.403
lanterna	3.406
lápis	3.665
lar	4.2219999999999995
laranja	4.033
lareira	3.522
largo	4.583
largura	4.008
larva	2.734
lascivo	2.332
lata	3.8680000000000003
lateral	4.023
lazer	4.242
leal	3.8339999999999996
lealdade	3.77
leão	3.8310000000000004
lebre	3.5460000000000003
lectivo	4.407
legal	4.7410000000000005
legenda	3.78
legião	3.534
legislação	4.8839999999999995
legislativo	4.064
lei	5.487
leilão	4.3839999999999995
leite	4.423
leitor	4.5280000000000005
leitura	4.856
lenço	3.755
lenda	4.119
lento	4.166
leopardo	2.947
lepra	3.217
lesão	4.341
lésbica	2.8819999999999997
lesma	2.528
letra	4.261
levedura	2.722
libélula	1.8030000000000002
liberal	4.378
liberdade	5.111000000000001
libertação	4.5969999999999995
libertador	3.141
libra	4.16
licença	4.434
licenciado	3.6319999999999997
licor	3.13
líder	5.443
liderança	4.8839999999999995
liga	4.876
ligação	4.993
ligadura	2.2569999999999997
ligeiro	4.334
lima	2.613
limão	3.6319999999999997
limitação	4.033
limite	4.7010000000000005
limpeza	4.5889999999999995
lince	3.069
lindo	3.662
língua	4.936
linguado	3.13
linguagem	4.656000000000001
linha	5.212999999999999
líquido	4.37
lírio	2.975
liso	3.075
lista	5.226
literário	4.044
litoral	4.378
litro	3.877
livraria	3.915
livre	5.007
livro	5.256
lixeira	4.0489999999999995
lixo	4.607
lobo	3.702
local	5.641
localidade	4.545
localização	4.51
lodo	3.406
lógico	3.908
loiro	3.182
loja	4.466
longo	5.372999999999999
lontra	2.904
lotaria	3.636
louco	3.93
loucura	4.119
lua	4.32
lúcido	3.295
lucrativo	3.359
lucro	4.31
lúdico	3.5389999999999997
lugar	5.653
lula	2.4130000000000003
lume	4.052
luminoso	3.616
luta	5.263
luva	3.5269999999999997
luxo	4.404
luz	5.16
maçã	3.51
macaco	3.5239999999999996
maçaneta	2.104
maçarico	2.667
machado	3.792
macho	3.385
maciço	3.714
macio	3.2319999999999998
madeira	4.569
madrugada	4.763999999999999
mãe	5.026
maestro	4.327
mágico	3.8819999999999997
magistral	3.3539999999999996
magnético	3.472
magnífico	3.9330000000000003
magro	3.7110000000000003
maionese	3.015
maior	5.75
mala	3.8810000000000002
malabarismo	2.904
malandro	3.2
malária	3.533
maldito	3.435
malévolo	2.405
malícia	3.219
malicioso	2.806
malmequer	2.437
maluco	3.023
malvado	2.8819999999999997
mama	3.71
mamilo	2.0869999999999997
mancha	4.01
mandatário	3.634
mandato	4.919
mandrião	1.9680000000000002
maneira	5.16
manequim	3.248
manga	3.737
manhã	5.257999999999999
manhoso	2.657
maníaco	2.7960000000000003
manifestação	4.755
manifesto	4.209
manobra	4.395
mansão	3.487
manso	3.266
manteiga	3.909
manual	4.006
mão	5.169
mapa	4.406000000000001
maqueta	3.363
máquina	4.697
mar	5.1
maracujá	2.3609999999999998
maravilhado	3.031
marca	4.956
marcador	4.373
marceneiro	2.835
marcha	4.562
maré	4.043
margem	4.898
maricas	2.786
marido	4.685
marmelo	2.332
marmota	1.8030000000000002
marreta	2.12
martelo	3.734
máscara	3.889
mascote	3.3080000000000003
massa	4.5569999999999995
massacre	4.409
mastro	3.5780000000000003
mata	4.3839999999999995
matemática	4.2669999999999995
matéria	5.1579999999999995
material	4.918
matraca	2.37
matriz	3.923
mau	4.897
máximo	4.93
mecânico	3.782
mecanismo	4.279
medalha	4.373
média	5.145
mediano	2.932
medicina	4.412
médico	4.923
medida	5.202999999999999
médio	4.798
medo	4.906000000000001
medonho	3.045
medroso	2.5340000000000003
megalómano	3.094
meia	5.006
meio	5.518
mel	3.818
melancia	3.359
melancolia	3.762
melão	3.3
melga	2.332
melhor	5.684
melhoria	4.624
meloa	2.166
melodia	3.6630000000000003
melódico	3.076
melro	2.753
membro	4.941
memória	4.933
mendigo	3.08
menino	4.197
menor	4.881
mensal	4.246
mental	4.224
mentalidade	4.011
mente	4.105
mentira	4.195
mentiroso	3.339
mercado	5.621
mercadoria	3.772
merenda	2.986
mergulhador	2.9810000000000003
mérito	4.3919999999999995
mês	5.465
mesa	4.965
mesquinho	3.145
mestre	4.457
meta	4.428
metade	5.02
metal	4.164
método	4.537
metralhadora	3.5469999999999997
metro	4.668
milagre	4.269
milénio	4.15
milhafre	2.546
milhão	3.91
milhar	3.5210000000000004
milho	4.029
milícia	3.75
milionário	3.824
militar	5.192
mina	4.086
minhoca	2.685
mínimo	4.945
ministério	4.928999999999999
ministro	5.636
minoria	4.341
minucioso	3.2510000000000003
minúsculo	3.344
minuto	4.477
miolo	3.5439999999999996
miséria	4.3180000000000005
missão	4.94
míssil	3.5039999999999996
mistério	4.345
misterioso	3.798
místico	3.3080000000000003
mistura	4.425
mítico	3.7880000000000003
mito	4.238
miúdo	3.918
mobiliário	4.127
mobilidade	3.9960000000000004
mochila	3.299
mocho	2.9789999999999996
moda	4.61
modelo	5.041
moderado	4.102
moderno	4.311
modesto	3.985
modificação	3.821
modo	5.393
módulo	3.7939999999999996
moeda	4.921
moinho	3.552
mola	3.2960000000000003
molde	3.676
moldura	3.4960000000000004
molécula	3.471
momento	5.525
monarquia	4.047
monstro	3.873
montanha	4.332
montante	3.846
monte	4.32
moral	4.711
morango	2.859
mórbido	2.909
morcego	2.917
mordomo	3.195
moreia	2.166
morgue	3.522
morsa	1.689
mortal	4.164
morte	5.3870000000000005
morto	4.727
mosca	3.3289999999999997
mosquito	3.089
mostarda	3.1189999999999998
mostra	5.019
mota	3.471
motim	3.4389999999999996
motivo	4.763
motocicleta	2.397
motor	4.555
motorista	4.198
motorizada	3.1039999999999996
móvel	3.9330000000000003
movimentado	3.428
movimento	5.2379999999999995
muco	2.676
mudança	4.965
muleta	3.3339999999999996
mulher	5.316
multa	4.261
multidão	4.467
múmia	2.951
mundial	5.171
mundo	5.635
municipal	4.873
munícipe	3.358
município	4.904
muralha	3.81
murmúrio	3.197
muro	4.328
musculado	2.9189999999999996
músculo	3.302
museu	4.743
musgo	2.9939999999999998
música	5.409
músico	4.275
mutação	3.656
nabiça	1.768
nabo	2.718
nacional	5.609
naco	3.017
nadador	3.263
namorado	3.714
namoro	3.694
narciso	3.958
narcótico	2.379
nariz	4.131
nascimento	4.434
natal	4.184
natural	5.066
natureza	4.997
náusea	2.909
navalha	3.615
nave	3.9360000000000004
navio	4.5169999999999995
neblina	3.142
necessário	5.175
necessidade	5.276
néctar	2.912
negativo	4.504
negligência	4.013
negociação	4.591
negociante	3.2460000000000004
negócio	4.987
negro	4.7139999999999995
néon	3.009
nervoso	3.995
neurótico	2.653
neutrão	2.332
neutro	3.469
neve	4.311
nevoeiro	3.903
ninho	3.591
níquel	2.927
nítido	3.549
nível	5.474
nó	4.276
noção	4.37
noite	5.572
noiva	3.8539999999999996
nome	5.496
nomeação	4.52
norma	4.263
normal	4.7860000000000005
norte	5.16
nota	4.927
notável	4.419
notícia	4.906000000000001
novela	4.059
novo	5.792000000000001
nu	4.0360000000000005
nublado	3.089
nuclear	4.512
núcleo	4.656000000000001
nulo	3.906
numerário	3.085
número	5.599
numeroso	3.545
nupcial	2.85
nuvem	3.872
obediência	3.742
obesidade	3.2710000000000004
obeso	2.628
objectivo	5.364
objecto	4.859
obra	5.436
obsceno	3.114
obscuro	3.583
observação	4.395
observador	3.9189999999999996
observável	3.148
obsessão	3.9019999999999997
obstáculo	4.163
óbvio	4.4030000000000005
ocasião	4.792
ocaso	3.17
oceano	4.2139999999999995
ocidental	4.547
oco	2.85
óculos	4.083
oculto	3.484
ocupação	4.665
ocupado	4.335
ocupante	3.5789999999999997
ódio	4.209
ofegante	2.909
ofensivo	3.87
oferta	4.784
oficial	5.146
oficina	3.969
ofício	4.138
oficioso	3.3139999999999996
óleo	4.053
olho	4.292
ombro	3.987
onça	2.992
onda	4.506
ondulante	2.742
opção	4.854
operador	4.225
opinião	5.324
oportunidade	5.032
oposição	5.252000000000001
opositor	3.839
oposto	4.155
óptica	4.1339999999999995
optimismo	4.3919999999999995
opulento	2.495
oração	3.927
orador	3.8960000000000004
orangotango	1.9680000000000002
órbita	4.088
orçamento	5.0680000000000005
ordem	5.312
ordenado	4.17
ordenamento	4.327
ordinário	3.344
orelha	3.656
organismo	4.783
organização	5.331
órgão	4.798
orgasmo	3.08
orgulho	4.4
orgulhoso	3.747
orientação	4.562
orientador	3.326
orifício	2.89
origem	5.195
originário	3.469
ornitorrinco	1.5919999999999999
orquestra	4.541
orquídea	2.437
osso	3.8089999999999997
ostra	2.46
ouriço	2.312
ouro	4.86
outono	4.255
ouvido	4.54
oval	3.295
ovelha	3.5
ovo	3.865
pá	3.989
paciente	3.87
pacífico	3.984
pacote	4.51
padeiro	3.122
padrão	4.088
padre	4.787
pagamento	4.981
página	5.104
pai	5.114
painel	4.26
país	5.88
paisagem	4.5089999999999995
paixão	4.547
palácio	4.4830000000000005
palavra	5.012
palco	4.944
palestra	3.61
palhaço	3.512
pálido	3.478
palma	3.08
palmada	2.89
pancada	3.722
panda	2.4290000000000003
pandeireta	2.37
panela	3.4139999999999997
panfleto	3.4789999999999996
pânico	4.218999999999999
pano	4.29
panorâmico	3.0269999999999997
pântano	3.2110000000000003
pantera	2.8739999999999997
pão	4.452
papa	4.609
papagaio	3.214
papaia	2.18
papel	5.35
papeleira	2.8930000000000002
papoila	2.722
par	4.882
parafuso	2.8930000000000002
paragem	4.289
paraíso	4.0969999999999995
paralelo	4.345
paralisia	3.602
parâmetro	2.9989999999999997
parasita	3.292
parcela	4.066
pardal	2.898
parede	4.399
pargo	2.5580000000000003
parlamentar	5.013
parlamento	5.127000000000001
paróquia	3.843
parque	4.93
parte	5.925
parteira	2.8160000000000003
participação	5.245
particular	5.03
partida	5.165
partido	5.571000000000001
páscoa	2.5810000000000004
passado	5.742999999999999
passageiro	3.762
passagem	5.067
pássaro	3.5989999999999998
passeio	4.414
passivo	4.159
passo	4.975
pasta	4.449
pastelaria	3.412
pasteleiro	2.657
pastor	4.013999999999999
patente	4.605
pateta	2.99
pato	3.463
patrão	4.348
pátria	4.404
património	4.917
patriota	3.19
patriótico	3.2889999999999997
patrocínio	3.9930000000000003
patrono	3.5180000000000002
patrulha	3.792
pau	3.905
pausa	3.9610000000000003
pavão	2.779
pavilhão	4.664
paz	5.294
pé	4.949
peça	4.977
pecado	4.077
pecaminoso	2.291
peçonha	2.481
pedaço	3.8789999999999996
pedido	5.087
pedra	4.672
pedrado	2.194
pedreira	3.6210000000000004
peito	4.385
peixe	4.593
pele	4.533
pelicano	2.332
pelotão	4.2410000000000005
pena	5.082
penalidade	4.007
penca	1.9680000000000002
penedo	3.0189999999999997
penetrante	3.1189999999999998
pénis	3.464
pensamento	4.555
pensão	4.095
pensativo	2.968
pente	3.4610000000000003
pepino	2.761
pepita	2.151
pequeno	5.06
pêra	3.313
percentagem	4.587
percurso	4.869
perda	4.704
perdão	4.149
perdido	4.7139999999999995
perdiz	3.138
perfeição	4.02
perfeito	4.298
perfil	4.407
perfume	3.8169999999999997
pergunta	4.845
perigo	4.895
perigoso	4.329
período	5.374
periquito	2.233
perito	3.7769999999999997
permanência	4.349
perna	4.145
pérola	3.38
persistente	3.867
personagem	4.734
perspectiva	4.833
perspicaz	2.89
perturbação	3.887
peru	2.963
pervertido	2.452
pesadelo	4.0760000000000005
pesado	4.328
pesaroso	2.693
pesca	4.5569999999999995
pescada	3.4789999999999996
pescador	3.875
pescoço	4.164
peso	4.996
pesquisa	4.5889999999999995
pêssego	2.8160000000000003
pessimismo	3.9160000000000004
péssimo	3.702
pessoa	5.086
pessoal	5.1579999999999995
peste	3.7439999999999998
pétala	2.22
petardo	2.405
petição	4.038
petróleo	4.572
piada	3.8080000000000003
piano	4.5280000000000005
pico	3.91
piedade	3.8139999999999996
pigmeu	2.233
pijama	3.071
pila	1.689
pilha	3.2489999999999997
piloto	4.644
pimenta	3.9360000000000004
pimento	2.9010000000000002
pincel	3.219
pinguim	2.379
pinhal	3.853
pinheiro	3.7
pinta	3.514
pintainho	1.92
pintassilgo	2.37
pintor	4.419
pintura	4.776
piolho	2.467
pior	4.973
piquete	3.435
pirâmide	3.6069999999999998
piranha	2.405
pirata	3.5189999999999997
piscina	4.271
piso	4.3389999999999995
pista	4.6930000000000005
pistola	4.151
planeta	4.481
planície	3.657
plano	5.337999999999999
planta	3.889
plantação	3.6289999999999996
plasma	3.365
plástico	4.3180000000000005
plateia	4.211
plenário	4.515
pleno	4.56
plural	3.6069999999999998
pneu	3.435
pó	4.191
pobre	4.609
pobreza	4.504
poço	3.88
poder	5.6370000000000005
poderoso	4.226
podre	3.555
poeira	3.843
poema	4.253
poesia	4.654
poético	3.737
polar	3.292
polegada	2.779
polegar	3.156
polícia	5.332999999999999
policial	4.592
política	5.846
político	5.309
pólo	4.29
poltrona	3.043
poluição	4.486000000000001
polvo	3.523
pomar	3.319
pomba	3.2539999999999996
pónei	2.18
ponta	4.534
pontapé	4.051
ponte	4.9510000000000005
ponto	5.452000000000001
pontuação	3.6460000000000004
pontual	3.8539999999999996
popa	3.3989999999999996
população	5.35
popular	4.966
póquer	2.826
porcaria	3.445
porco	4.023
pormenor	4.475
porta	5.075
portagem	4.032
portão	3.755
porteiro	3.5069999999999997
porto	4.7139999999999995
português	5.571000000000001
pose	3.763
posição	5.46
positivo	4.689
possível	5.537999999999999
posto	4.992
postura	4.473
potência	4.427
potente	3.766
poupança	4.1739999999999995
povo	5.209
povoação	4.173
pradaria	2.597
praia	4.812
prateleira	3.424
prática	5.131
prático	3.9339999999999997
prato	4.113
prazer	4.562
prazo	5.268
precipício	3.205
preciso	5.2410000000000005
preço	5.124
prédio	4.482
prefácio	3.7569999999999997
prego	3.235
preguiçoso	2.8960000000000004
prejudicial	3.735
prejuízo	4.382
prémio	4.84
prenda	3.7880000000000003
preocupação	4.902
preocupado	4.513999999999999
preparação	4.781000000000001
presença	5.33
presente	5.121
presidência	5.071000000000001
presidente	5.9879999999999995
preso	4.521
pressa	4.218
pressão	4.923
pressuposto	3.272
prestação	4.577
prestigiante	2.8739999999999997
prestígio	4.427
presunçoso	2.136
preto	4.41
prévio	4.138999999999999
primavera	4.327
primitivo	3.58
principal	5.3260000000000005
príncipe	4.3389999999999995
princípio	5.226
prioridade	4.572
prisão	5.0760000000000005
privacidade	3.862
privado	4.735
privatização	4.7219999999999995
privilégio	4.038
problema	5.495
problemático	3.4589999999999996
procedimento	4.263
processo	5.694
procura	5.167999999999999
prodigioso	3.1910000000000003
produção	5.327000000000001
produto	4.88
proeza	4.008
professor	5.001
profissão	4.5569999999999995
profissional	5.033
profundidade	4.281000000000001
programa	5.523
progresso	4.4510000000000005
proibição	4.38
projecto	5.652
promessa	4.571000000000001
promoção	4.7330000000000005
promotor	3.853
pronto	4.632
propaganda	4.447
propenso	2.6889999999999996
propina	3.623
proporção	4.013
proporcional	3.8680000000000003
propósito	4.962
proposta	5.4239999999999995
propriedade	4.7
proprietário	4.598
prosa	3.885
prosperidade	3.85
prostituta	3.577
protecção	4.9030000000000005
protegido	3.8369999999999997
proteína	3.722
prova	5.369
provação	2.909
proveito	3.968
proveitoso	3.037
proveta	2.388
província	4.663
provocador	3.228
proximidade	4.303
próximo	5.473
prudente	3.937
psicólogo	3.5789999999999997
publicidade	4.725
público	5.926
pudim	3.083
pugilista	3.182
pulga	2.718
pulmão	3.641
púlpito	3.159
pulsação	2.89
pulseira	3.031
pulso	3.782
punhado	3.737
punhal	3.217
punho	3.858
puro	4.313
pus	3.583
putrefacto	2.245
quadra	3.766
quadrado	3.9139999999999997
quadro	5.14
qualidade	5.337999999999999
quantia	4.204
quantidade	4.687
quartel	4.292
quarto	5.013999999999999
quebra	4.708
quebrado	3.6260000000000003
queda	4.956
queijo	4.0680000000000005
queimado	3.5460000000000003
queimadura	2.592
queixa	4.743
queixo	3.46
quente	4.452
queque	2.352
querido	3.97
questão	5.569
quieto	3.2880000000000003
quilate	2.7460000000000004
quilómetro	4.112
químico	3.786
quinta	4.655
rã	3.076
rabanete	1.92
rabo	3.6910000000000003
raça	4.223
raciocínio	3.932
racional	3.9210000000000003
racismo	4.31
racista	3.8760000000000003
radiação	3.781
radiador	2.5580000000000003
radiante	3.403
radical	4.482
rádio	4.906000000000001
raia	3.397
rainha	4.416
raio	4.041
raiva	3.948
raiz	4.242
rameira	1.689
ramo	4.371
rançoso	2.151
rapariga	4.359
rapaz	4.5280000000000005
rapidez	4.188
rápido	4.632
raposa	3.4019999999999997
rapto	3.886
raquete	2.291
raro	4.191
raso	3.003
rasto	3.929
rato	4.025
razão	5.24
razoável	4.355
reacção	4.724
real	5.034
realidade	5.1610000000000005
realista	4.093
realização	5.164
realizador	4.665
rebelde	3.971
reboque	3.614
rebuçado	2.81
rebuliço	2.597
recado	4.022
receio	4.43
receita	4.457
recente	5.053999999999999
receoso	3.12
receptivo	3.323
rechonchudo	2.104
recife	2.5580000000000003
recinto	4.499
recipiente	3.315
recital	4.073
reclamação	3.821
recluso	2.9219999999999997
recolha	4.582
recomendável	3.3930000000000002
recompensa	3.688
recordação	3.855
recordações	4.039
recreio	4.003
rectangular	3.12
recuperação	5.055
recuperável	2.917
recurso	4.86
recusa	4.79
rede	5.14
redondo	3.675
redução	5.027
reembolso	3.761
refeito	3.1039999999999996
refém	3.68
referendo	4.961
reflexão	4.611000000000001
reflexo	3.573
reforço	4.819
reforma	5.008
refresco	2.5810000000000004
refrigerante	2.775
regador	2.22
regata	3.988
região	5.471
regime	5.265
regional	5.013
registo	4.704
regra	4.593999999999999
regresso	5.058
régua	3.784
regulamento	4.512
rei	4.809
reino	4.365
reitor	4.334
relação	5.542999999999999
relâmpago	3.384
relance	3.15
relato	4.114
relaxado	2.603
relevante	4.189
relevo	4.284
religião	4.486000000000001
relíquia	3.2439999999999998
relógio	4.199
relva	3.95
relvado	4.232
remate	4.446000000000001
remédio	3.946
remendo	2.702
remoto	3.532
remuneração	4.0280000000000005
renda	4.065
renovação	4.548
rentável	3.83
repartição	4.064
repetição	4.218
repetitivo	3.075
repleto	3.549
réplica	3.9010000000000002
repolho	2.269
reportagem	4.385
repórter	4.038
réptil	2.772
repugnante	3.217
reserva	4.578
reservado	4.202
reservatório	3.5380000000000003
resíduo	3.029
resistente	3.552
respectivo	4.493
respeitador	2.951
respeitável	3.638
respeito	5.162000000000001
respiração	3.8939999999999997
responsável	5.444
resposta	5.26
restante	4.355
restaurante	4.5889999999999995
resto	5.156000000000001
restos	4.202
restrito	3.951
resultado	5.309
resultante	4.225
resumo	4.052
retirada	4.658
retorno	4.138
retrato	4.405
reunião	5.489
reversível	2.9139999999999997
revestimento	3.503
revisão	4.915
revista	4.988
revolta	4.437
revólver	3.427
riacho	2.775
ribeiro	3.272
rico	4.284
ridículo	4.084
rígido	3.701
rigoroso	4.095
rim	3.1310000000000002
rinoceronte	3.013
rio	4.996
riqueza	4.499
risco	5.155
riso	3.9589999999999996
ritmo	4.853
ritual	4.109
robalo	3.053
robe	2.592
rocha	3.85
roda	4.248
rodagem	4.144
rola	3.1239999999999997
roldana	2.467
rolha	3.128
roliço	2.011
rolo	3.375
romã	2.291
romance	4.678
romântico	3.8489999999999998
rombo	3.147
rosa	4.109
roseira	2.515
rosto	4.591
rotina	4.132
roupa	4.401
roupão	2.8819999999999997
roupeiro	2.528
rouxinol	2.949
rua	5.086
rude	3.6719999999999997
ruído	4.213
ruidoso	3.13
ruína	3.9189999999999996
rumo	4.466
rural	4.401
rústico	3.21
sábado	5.1579999999999995
sábio	3.662
sabor	4.301
sabre	2.844
sacerdote	3.89
saco	4.206
sacrifício	4.141
safira	2.379
sagaz	2.753
sagrado	4.025
saia	3.9989999999999997
saída	5.042
sal	4.228
sala	5.12
salada	3.495
salão	4.319
salário	4.459
salgalhada	2.011
saliência	2.885
saliente	3.675
salmão	3.358
salsa	3.713
salsicha	2.6180000000000003
saltitante	2.575
salvador	3.4530000000000003
salvamento	3.822
sanção	3.7230000000000003
saneamento	4.4110000000000005
sangrento	3.5069999999999997
sangue	4.868
sanita	2.9539999999999997
sanitário	4.02
santo	4.24
santuário	4.021
sapateira	2.445
sapateiro	3.2439999999999998
sapatilha	2.011
sapato	3.4360000000000004
sapo	3.2239999999999998
sarampo	3.0410000000000004
sarcástico	2.97
sardinha	3.915
satisfação	4.417
satisfatório	3.4139999999999997
satisfeito	4.544
saudação	3.6010000000000004
saudade	4.048
saudável	4.121
saúde	5.33
sável	3.09
saxofone	3.5860000000000003
sé	4.025
sebo	2.838
seca	4.317
secador	2.508
secção	4.781000000000001
seco	4.04
secretária	4.428999999999999
secretário	5.227
secreto	4.125
sector	5.365
século	5.271
secundário	4.535
seda	3.801
sede	5.07
sedutor	3.228
segredo	4.595
segundo	5.901
segurança	5.422999999999999
seguro	4.633
seio	4.564
selo	3.9360000000000004
selvagem	3.97
semana	5.617999999999999
semanal	4.132
semelhança	4.583
semente	3.5069999999999997
semestre	4.512
seminário	4.454
senado	4.321000000000001
senador	4.037
senhor	5.011
sensação	4.506
sensato	3.323
sensual	3.508
sentido	5.492999999999999
sentimental	3.7260000000000004
sentimento	4.607
separação	4.327
separado	3.8789999999999996
sepultura	3.628
sequência	5.1
sereno	3.6919999999999997
série	5.261
seringa	3.4730000000000003
sério	4.702
sermão	3.3569999999999998
serpente	3.424
serra	4.502
serralheiro	3.1630000000000003
serrote	2.467
serviço	5.347
sessão	5.242999999999999
seta	3.228
severo	3.525
sexo	4.603
sexual	4.534
sífilis	3.142
significado	4.484
sílaba	2.983
silêncio	4.849
silencioso	3.633
simbólico	4.081
símbolo	4.47
simpático	3.965
simples	5.122000000000001
simplicidade	4.002
sinal	4.937
sincero	3.5869999999999997
sinistro	3.6
sino	3.4730000000000003
sinónimo	3.86
síntese	4.275
sintoma	3.7489999999999997
sintomático	3.593
sistema	5.506
sistemático	3.737
sítio	4.598
situação	5.734
snobe	1.3869999999999998
soberania	4.495
soberbo	3.3760000000000003
sobrancelha	2.37
sobretudo	5.436
sóbrio	3.406
social	5.547000000000001
socialista	5.111000000000001
sociável	2.528
sociedade	5.407
soco	3.227
socorro	4.126
sofá	3.637
sofrimento	4.3
soja	3.364
sol	4.872
solar	4.129
soldado	4.223
solene	4.122
solha	2.528
solicitador	3.053
solidão	4.189
sólido	3.73
solitário	3.932
solo	4.628
solto	3.5460000000000003
solução	5.206
soluço	2.702
soma	4.356
sombra	4.609
sonda	3.7430000000000003
sondagem	4.525
soneto	3.383
sonho	4.744
sono	4.18
sonoro	3.8310000000000004
sopa	4.148
sorriso	4.4110000000000005
sorte	4.783
sorteio	4.141
sortudo	2.352
sossegado	3.353
sótão	3.372
sotaque	3.617
soviético	4.382
sozinho	4.462
suave	4.056
subida	4.898
súbito	3.715
subjectivo	3.242
subjugado	2.7060000000000004
submarino	3.721
suborno	3.373
subsídio	4.558
substituição	4.613
subterfúgio	2.7680000000000002
sucesso	5.043
suficiente	4.84
sugestão	4.2139999999999995
suicídio	4.238
sujeito	4.43
sujidade	3.238
sujo	3.678
sumo	3.825
suor	3.745
superficial	3.5660000000000003
superfície	4.5969999999999995
suporte	4.43
supremo	3.991
surdo	3.384
surpreendido	4.23
surpresa	4.812
surto	2.9339999999999997
suspeita	4.479
suspensão	4.699
suspenso	4.257
sustento	3.466
tabaco	4.309
tabela	4.41
tabu	3.833
tabuleiro	3.918
taça	4.558
tacho	3.3510000000000004
táctica	4.106
talento	4.288
talhante	2.069
tamanho	4.311
tâmara	1.944
tamboril	3.12
tangerina	2.2569999999999997
tango	3.551
tanque	3.755
tapeçaria	3.384
tapete	3.8739999999999997
tarde	5.53
tardio	3.6060000000000003
tarefa	4.788
tarifa	3.716
tartaruga	3.263
tarte	3.069
tatu	1.865
taxa	5.193
táxi	4.005
taxista	3.793
tear	3.0989999999999998
teatral	4.263999999999999
teatro	5.146
tecido	4.2669999999999995
técnica	4.965
técnico	5.074
tecnologia	4.704
tecnológico	4.02
tecto	4.238
tédio	3.463
tela	3.923
teleférico	3.198
telefone	4.605
telefonema	3.949
televisão	5.33
televisor	3.7060000000000004
telhado	3.92
tema	5.169
temeroso	2.7680000000000002
temperatura	4.327
tempestade	4.128
templo	4.2139999999999995
tempo	5.879
temporada	4.6339999999999995
temporário	3.807
tendência	4.928999999999999
ténis	4.461
tenista	4.109
tensão	4.626
tenso	3.525
tentativa	4.918
teor	4.25
teoria	4.471
teórico	3.784
térmite	0.991
termo	4.717
termómetro	3.009
terno	3.2030000000000003
ternura	3.898
terra	5.295
terreno	5.136
território	5.122999999999999
terrível	4.275
terror	4.291
terrorista	3.9930000000000003
tese	4.619
tesoura	3.2439999999999998
tesouro	4.188
testa	3.793
testemunho	4.32
têxtil	4.231
texto	5.186
textura	3.42
texugo	2.207
tigela	3.13
tigre	3.472
tijolo	3.637
tímido	3.6710000000000003
tinta	4.004
típico	4.008
tipo	5.687
tiro	4.58
titã	2.832
título	5.292999999999999
tocha	3.365
toga	2.662
tolerância	4.196000000000001
tolerante	3.41
tolo	2.983
tom	4.772
tomada	4.947
tomate	3.891
tonelada	3.59
tonto	2.937
topo	4.447
toranja	2.104
tornado	4.218
torneio	4.638999999999999
torneira	3.34
tornozelo	3.138
torradeira	2.22
torre	4.242
torto	3.4219999999999997
tortura	4.078
tosse	3.367
total	5.371
touro	3.676
tóxico	3.486
toxina	2.841
trabalhador	4.26
trabalho	5.7620000000000005
trabalhoso	2.638
traço	3.984
tractor	3.412
tradicional	4.8389999999999995
tráfego	4.542
tráfico	4.681
tragédia	4.486000000000001
trágico	3.998
traição	4.016
traidor	3.582
tralha	2.5869999999999997
tranquilo	4.03
trânsito	4.836
transmissão	4.61
transporte	4.782
transtornado	2.6889999999999996
trapaceiro	1.8030000000000002
trapalhão	2.927
traseira	3.694
tratado	4.739
tratamento	5.0280000000000005
trauma	3.377
travessa	3.321
travessia	4.231
travessura	2.12
trégua	3.799
treinador	4.963
treino	4.643
trenó	2.8819999999999997
tribo	3.739
tributo	3.53
triciclo	2.608
trincheira	3.0660000000000003
trio	4.263999999999999
tripulação	4.127
tripulante	3.323
triste	4.566
tristeza	4.158
triunfante	3.48
triunfo	4.655
troféu	4.1419999999999995
trólei	1.768
trombeta	2.5639999999999996
trompete	3.549
trono	3.991
trunfo	4.002
truque	3.5380000000000003
truta	2.835
tubarão	3.2560000000000002
tubo	3.658
tucano	1.835
tulipa	3.263
tumor	3.512
turbante	2.853
turismo	4.8069999999999995
turista	3.823
turma	4.1080000000000005
tutela	4.5760000000000005
úlcera	2.9789999999999996
último	5.462999999999999
umbigo	3.265
unânime	3.915
unha	3.22
único	5.2620000000000005
unidade	4.994
unilateral	3.763
universo	4.684
urbanização	4.234
urbano	4.468999999999999
urgente	4.49
urina	3.503
urna	3.661
urso	3.36
urtiga	1.768
urze	2.608
usado	4.372
utensílio	2.718
útil	4.47
utilitário	3.222
utilização	4.986000000000001
utopia	3.964
vaca	3.964
vacina	3.9930000000000003
vaga	4.473
vagina	2.909
vago	3.958
vaidade	3.6060000000000003
vaidoso	3.009
vaivém	3.984
vale	4.9430000000000005
valente	3.733
valentia	3.0389999999999997
válido	3.9730000000000003
valioso	3.735
valor	5.426
valorização	4.56
vampiro	3.062
vândalo	2.233
vantagem	4.919
variante	4.209
variável	3.949
variedade	4.0889999999999995
varíola	2.93
varredor	2.452
vaso	3.391
vassoura	3.13
vasto	4.404
vazio	4.406000000000001
veado	3.031
vedeta	3.935
vegetal	3.654
vegetativo	2.623
veia	3.49
veículo	4.542
vela	4.191
veleiro	3.747
velho	4.94
velocidade	4.845
veloz	3.542
vencedor	4.756
venda	5.127000000000001
vendedor	3.99
veneno	3.625
venenoso	2.9139999999999997
ventania	3.073
vento	4.657
ventre	3.6189999999999998
verão	4.952
verba	4.624
verbo	3.694
verdade	5.351
verdadeiro	4.809
verde	4.783
vereador	4.975
vergonha	4.333
vermelho	4.456
versão	5.03
verso	3.906
vértice	3.272
vespa	2.608
véspera	4.718999999999999
vestido	4.093999999999999
vestígio	3.33
vestuário	4.168
veterano	4.053999999999999
veterinário	3.438
vez	5.97
via	5.169
viaduto	3.9989999999999997
viagem	4.992
viatura	4.4910000000000005
viável	4.026
víbora	2.628
viciado	3.4139999999999997
vida	5.735
vidro	4.365
vigilância	4.481
vigoroso	3.409
vila	4.803999999999999
vinho	4.803999999999999
viola	4.04
violação	4.54
violência	5.001
violento	4.197
violeta	3.263
violino	4.043
violoncelo	3.734
viragem	4.24
virgem	4.037
vírgula	3.445
viril	3.0639999999999996
virtude	4.42
visão	4.782
visita	5.207000000000001
visitante	4.137
vista	5.33
visto	5.029
visual	4.185
vitela	3.409
vítima	4.852
vitória	5.33
vivaz	2.269
vivo	4.781000000000001
vizinho	4.43
vocação	4.34
vogal	3.718
volante	4.122
volta	5.3870000000000005
volume	4.915
vómito	2.838
vontade	5.15
voo	4.484
votação	4.7219999999999995
voto	5.013
vovó	1.893
voz	5.127000000000001
vulcão	3.787
vulgar	4.117
xadrez	4.015
xarope	2.667
xilofone	2.233
zangado	3.528
zebra	2.502
zelo	3.7260000000000004
zona	5.479
