aba	0.306
abacate	0.07400000000000001
abacaxi	0.028999999999999998
abadia	0.28600000000000003
abandonado	1.2790000000000001
abandono	1.564
abate	1.1
abatido	0.863
abelha	0.27
aberração	0.47700000000000004
abertura	2.184
abóbora	0.27399999999999997
abolição	1.072
abordagem	1.351
aborrecido	0.679
aborto	1.619
abraço	0.975
abrigado	0.22
abrigo	1.534
abstenção	1.274
absurdo	1.219
abundância	0.848
abundante	0.792
abuso	1.2819999999999998
abutre	0.21600000000000003
acácia	0.145
académico	0.995
acampamento	1.042
acanhado	0.257
acção	2.324
aceleração	0.997
acessível	1.0759999999999998
acesso	2.219
acessório	0.47200000000000003
acidente	1.945
ácido	0.8170000000000001
aço	1.081
acolhedor	0.414
acompanhante	0.51
aconchego	0.27699999999999997
acordeão	0.637
acordo	2.7089999999999996
acre	0.14800000000000002
acta	0.856
actividade	2.285
activista	0.753
activo	1.439
acto	1.9180000000000001
actor	1.73
actriz	1.506
actuação	1.875
actual	2.476
açúcar	1.094
açucena	0.083
acumulação	1.136
acusação	1.774
acusado	1.7469999999999999
adaptação	1.5190000000000001
adaptável	0.177
adega	0.6509999999999999
adepto	0.9890000000000001
adequado	1.266
adesão	1.7919999999999998
adeus	1.219
adiamento	1.386
admiração	1.0759999999999998
admirado	0.591
admirável	0.9159999999999999
admissão	1.1520000000000001
adolescência	0.955
adolescente	1.105
adopção	1.399
adoração	0.435
adorável	0.22899999999999998
adulto	0.915
adversário	1.7890000000000001
adversidades	0.321
advogado	1.801
aéreo	1.227
aeroporto	1.751
afecto	0.986
afectuoso	0.20600000000000002
afeição	0.419
afiado	0.134
afinidade	0.46799999999999997
afirmação	1.683
aflito	0.5329999999999999
agência	2.065
agenda	1.639
agente	1.597
ágil	0.483
agilidade	0.634
agitação	1.264
agonia	0.856
agradável	1.307
agradecido	0.42100000000000004
agravamento	1.334
agressão	1.3980000000000001
agressivo	0.9209999999999999
agrião	0.048
agricultor	0.9520000000000001
agricultura	1.838
agrupamento	1.004
água	2.417
águia	0.736
agulha	0.637
aia	0.307
aipo	0.16899999999999998
ajuda	2.085
alargamento	1.726
alarme	1.129
albatroz	0.10800000000000001
álbum	1.791
alcachofra	0.046
alcance	1.4240000000000002
alce	0.054000000000000006
álcool	1.365
alcoólico	0.634
alcoolismo	0.736
aldeia	1.7530000000000001
aleatório	0.439
alegre	1.094
alegria	1.574
além	2.675
alemão	2.017
alergia	0.289
alerta	1.5819999999999999
alface	0.389
alfaiate	0.389
alfarroba	0.121
alfinete	0.259
alho	0.737
aliado	1.222
aliança	1.6269999999999998
alicate	0.145
alienação	1.078
alimentação	1.389
alimentar	1.515
alimento	0.782
alívio	1.122
alma	1.768
almoço	1.618
almofada	0.508
alojamento	1.072
alperce	0.048
alta	2.05
altar	0.9359999999999999
alternativa	1.8430000000000002
alternativo	1.044
altitude	1.097
alto	2.059
altura	2.537
alucinante	0.657
aluguer	1.182
alumínio	1.058
aluno	1.3559999999999999
alvo	1.867
ama	1.0170000000000001
amabilidade	0.305
amado	0.6509999999999999
amante	1.156
amarelo	1.327
amargo	0.7909999999999999
amável	0.584
âmbar	0.305
ambição	1.28
ambicioso	1.067
ambiente	2.221
ambiguidade	0.9079999999999999
âmbito	2.136
ambulância	0.919
ameaça	1.89
ameaçador	0.473
ameixa	0.078
amêndoa	0.363
amendoim	0.19399999999999998
americano	1.952
amigável	0.742
amigo	1.87
amizade	1.4080000000000001
amnistia	1.2429999999999999
amor	1.9709999999999999
amora	0.623
amoroso	0.633
amostra	1.091
amplitude	1.015
amplo	1.18
amuado	0.129
análise	1.992
analista	1.111
ananás	0.295
anão	0.297
anchova	0.061
ancinho	0.05
âncora	0.551
andebol	1.25
andorinha	0.27899999999999997
anel	0.8590000000000001
ângulo	0.9109999999999999
angústia	1.127
angustiado	0.364
angustiante	0.424
animação	1.619
animado	1.046
animal	1.421
ânimo	0.925
aniversário	1.683
anjo	0.938
ano	3.085
anonimato	1.1520000000000001
anormal	0.8640000000000001
anseio	0.39799999999999996
ansiedade	1.074
ansioso	0.595
antecedente	0.325
antena	1.486
anterior	2.255
antigo	2.209
anual	1.685
anulação	1.16
anúncio	1.7619999999999998
anzol	0.275
apaixonado	0.955
apanhador	0.035
aparelho	1.621
aparência	1.006
aparição	0.9670000000000001
apartamento	1.143
apático	0.306
apelo	1.7630000000000001
apertado	0.884
apetite	0.898
apito	0.65
aplauso	0.6890000000000001
apoiante	0.852
apoio	2.469
aposta	1.795
apreensão	1.199
aprendizagem	1.245
apresentação	1.994
aprisionado	0.217
aprovação	1.8559999999999999
aproximação	1.547
apuramento	1.466
aquecimento	1.09
ar	2.1109999999999998
arado	0.415
arame	0.6940000000000001
aranha	0.521
arara	0.086
arbitragem	1.403
árbitro	1.675
arbusto	0.226
arca	0.606
arco	1.137
areia	1.3730000000000002
arenque	0.10800000000000001
arguido	1.327
arma	1.568
armadilha	0.74
armado	1.195
armamento	1.204
armário	0.6629999999999999
armazém	1.168
arquipélago	1.226
arquitecto	1.61
arquitectura	1.58
arquivo	1.1
arranjo	1.102
arranque	1.423
arrendamento	0.904
arrependido	0.8059999999999999
arrepio	0.7
arrogante	0.774
arroz	1.235
arrumado	0.564
arte	2.128
artéria	0.892
artesanato	1.1540000000000001
artesão	0.484
articulação	1.281
artificial	1.181
artigo	2.032
artilharia	1.104
artista	1.6969999999999998
artístico	1.284
árvore	1.297
ás	0.7959999999999999
asa	0.97
ascendente	0.927
ascensão	1.196
asilo	1.242
asma	0.505
aspecto	1.828
áspero	0.324
aspirador	0.215
assaltante	0.898
assassínio	1.35
assassino	1.0390000000000001
assembleia	2.076
assento	1.101
assessor	1.245
assinatura	1.7069999999999999
assobio	0.24
associação	2.211
associado	1.2670000000000001
assunto	2.117
assustado	0.544
assustador	0.589
astronauta	0.602
atacante	0.853
ataque	1.99
atenção	2.1069999999999998
atencioso	0.139
atentado	1.636
atento	1.2819999999999998
aterrorizado	0.239
atitude	2.044
atlântico	0.436
atleta	1.426
atmosfera	1.43
átomo	0.516
atracção	1.254
atractivo	0.813
atrasado	1.0759999999999998
atraso	1.8230000000000002
atrevido	0.39
atribuição	1.607
atum	0.603
audição	1.206
audiência	1.754
audiovisual	1.244
auditoria	1.075
auditório	1.463
aula	1.19
aumento	2.287
ausência	1.964
ausente	1.3330000000000002
autarca	1.933
autarquia	2.26
autêntico	1.219
autocarro	1.406
automóvel	1.851
autonomia	1.75
autor	2.205
autoria	1.5630000000000002
autoridade	1.671
autoritário	0.7290000000000001
autorização	1.702
auxílio	1.36
avalanche	0.5379999999999999
avaliação	1.811
avanço	1.544
avarento	0.155
avareza	0.2
avaria	1.018
ave	1.078
avelã	0.057999999999999996
avenida	1.3619999999999999
avental	0.349
aventura	1.5290000000000001
avestruz	0.366
aviação	1.091
avião	1.7380000000000002
avioneta	0.29600000000000004
aviso	1.4869999999999999
avô	1.058
azar	1.119
azedo	0.261
azeite	1.18
azeitona	0.45
azul	1.595
azulejo	0.64
bacalhau	1.196
bacia	1.06
bacon	0.258
bagageira	0.5479999999999999
bagagem	0.84
bagunça	0.151
bailarino	0.675
baile	0.9740000000000001
bairro	1.806
baixo	1.6869999999999998
bala	0.953
balança	1.175
balanço	1.761
balão	0.904
balcão	1.123
balde	0.647
baleia	0.6990000000000001
baliza	1.558
balneário	0.687
baloiço	0.16399999999999998
bambu	0.335
banal	0.83
banana	0.637
banca	1.456
bancada	1.6840000000000002
bancário	1.3030000000000002
banco	2.1319999999999997
banda	1.883
bandeira	1.537
bando	0.9890000000000001
bandolim	0.33
banha	0.413
banheira	0.48100000000000004
banho	1.4880000000000002
bar	1.517
barata	1.113
barato	1.192
barba	0.9309999999999999
barco	1.6340000000000001
barra	1.304
barraca	0.9109999999999999
barragem	1.48
barreira	1.2990000000000002
barriga	0.9129999999999999
barril	0.691
barro	0.956
barulhento	0.22899999999999998
barulho	1.202
básico	1.462
basquetebol	1.52
bastão	0.364
bastardo	0.27
batalha	1.742
batata	0.9329999999999999
batedeira	0.044000000000000004
bateria	1.125
baú	0.299
bêbado	0.485
bebé	1.252
bebida	0.9129999999999999
beco	0.645
begónia	0.023
beijo	0.857
beleza	1.5319999999999998
beliche	0.17300000000000001
beliscão	0.07200000000000001
belo	1.3430000000000002
bênção	0.9079999999999999
benéfico	0.5579999999999999
benevolente	0.318
bengala	0.555
bengaleiro	0.11199999999999999
berbequim	0.152
beringela	0.067
besouro	0.05
besta	0.498
betão	1.111
beterraba	0.451
biblioteca	1.406
bicicleta	1.22
bico	0.728
bife	0.614
bigorna	0.102
bilhete	1.29
biografia	1.105
biológico	0.679
biólogo	0.642
biombo	0.32299999999999995
bisbilhotice	0.11800000000000001
biscoito	0.063
bisonte	0.052000000000000005
bispo	1.672
bisturi	0.18100000000000002
bizarro	0.652
blasfémia	0.326
bloco	1.527
bloqueio	1.341
blusa	0.35
boca	1.663
bocado	1.419
bode	0.703
bofetada	0.46
boi	0.574
boicote	1.238
bola	1.929
bolacha	0.214
boletim	1.097
bolha	0.271
bolo	1.0390000000000001
bolor	0.22399999999999998
bolsa	1.847
bolso	1.186
bom	2.41
bomba	1.521
bombardeiro	0.228
bombeiro	0.867
bondade	0.882
boné	0.617
boneco	0.679
bonito	1.284
bónus	0.679
borboleta	0.364
borracha	0.841
bosta	0.12300000000000001
bota	0.6679999999999999
botão	0.772
boxe	0.737
braço	1.619
branco	1.83
breve	1.915
brigada	1.0759999999999998
brilhante	1.367
brilho	1.16
brincadeira	1.056
brinquedo	0.613
brisa	1.196
britânico	1.892
brócolos	0.13699999999999998
bronze	1.297
brutal	1.1159999999999999
bruto	1.16
búfalo	0.185
buraco	1.337
burla	0.993
burocracia	1.13
burro	0.799
busca	1.6480000000000001
bússola	0.36
busto	0.5489999999999999
cabana	0.469
cabeça	2.176
cabelo	1.317
cabide	0.14
cabra	0.599
caça	1.59
caçadeira	0.8270000000000001
caçador	0.745
cação	0.16
caçarola	0.129
cacau	0.44299999999999995
cachecol	0.273
cachimbo	0.428
cacifo	0.08800000000000001
cacto	0.1
cadáver	1.1740000000000002
cadeado	0.389
cadeia	1.713
cadeira	1.359
cadeirão	0.287
cadela	0.406
caderno	1.171
café	1.577
cais	1.281
caixa	1.7269999999999999
caixão	0.701
caixote	0.632
caju	0.152
calcanhar	0.5660000000000001
calças	1.125
cálcio	0.573
calções	0.6729999999999999
cálculo	1.268
caldeira	0.584
calendário	1.599
cálice	0.451
calma	1.425
calmo	1.0859999999999999
calor	1.547
caloroso	0.392
cama	1.415
camada	1.074
camaleão	0.22
câmara	2.489
camarada	0.915
câmbio	1.111
camelo	0.35
camião	1.242
caminho	2.206
camioneta	0.77
camisa	1.038
camisola	1.288
campanha	2.312
campeão	1.785
campeonato	2.049
campo	2.265
camponês	0.556
cana	0.59
canal	2.0340000000000003
canário	0.239
canção	1.462
cancro	1.526
candeeiro	0.5379999999999999
candidato	2.157
candidatura	1.986
caneca	0.233
caneta	0.69
canguru	0.16
canhão	0.603
caniche	0.05
cano	0.54
canoa	0.435
cansaço	1.129
cansado	1.0979999999999999
cansativo	0.344
cântico	0.342
cantiga	0.457
canto	1.643
cantor	1.369
cão	1.278
caos	1.3769999999999998
capa	1.2890000000000001
capacete	0.725
capacidade	2.225
capaz	1.982
capela	1.2209999999999999
capital	2.502
capitalismo	1.21
capitalista	0.93
capitão	1.47
capítulo	1.56
capote	0.607
capricho	0.6
captação	1.028
capuz	0.24100000000000002
cara	1.733
caracol	0.486
carácter	1.921
caranguejo	0.33899999999999997
carapau	0.426
caravana	1.0590000000000002
carbono	1.033
carcaça	0.36200000000000004
cárcere	0.374
cardeal	1.093
cardíaco	0.7959999999999999
cardume	0.14300000000000002
careca	0.568
carência	0.948
careta	0.22399999999999998
carga	1.632
cargo	2.095
carícia	0.247
caril	0.204
carinho	0.855
carnaval	1.114
carne	1.661
carneiro	0.5770000000000001
caro	1.4169999999999998
carocha	0.247
caroço	0.136
carpa	0.10300000000000001
carpinteiro	0.513
carreira	2.042
carril	0.24100000000000002
carrinha	1.135
carro	2.001
carroça	0.479
carruagem	0.757
carta	2.105
cartão	1.608
cartaz	1.324
carteira	1.348
carteiro	0.462
casa	2.625
casaco	0.982
casado	1.128
casal	1.681
casamento	1.6030000000000002
casca	0.649
cascata	0.568
casino	0.998
caso	2.8310000000000004
cassete	0.914
castanha	0.578
castelo	1.4369999999999998
castigo	1.281
casual	0.433
catálogo	1.298
catástrofe	1.205
catastrófico	0.49200000000000005
catatua	0.035
católico	1.207
cauda	0.8759999999999999
caudal	0.9690000000000001
caule	0.11699999999999999
cautela	0.848
cavaleiro	0.9790000000000001
cavalo	1.34
cavaquinho	0.327
cave	0.917
caveira	0.335
caverna	0.40700000000000003
cebola	0.758
cedência	1.3630000000000002
cego	0.9670000000000001
cegonha	0.401
celebração	1.2890000000000001
célebre	1.476
célula	0.883
cemitério	1.3459999999999999
cena	1.858
cenário	1.8980000000000001
cenoura	0.462
censura	1.399
centímetro	0.518
centopeia	0.044000000000000004
central	2.254
centro	2.412
céptico	0.68
cerâmica	1.213
cereal	0.446
cerebral	0.929
cérebro	1.287
cereja	0.305
cerimónia	1.831
ceroulas	0.128
certeiro	0.49200000000000005
certeza	1.844
certificado	0.845
cerveja	1.246
cesto	0.7559999999999999
céu	1.706
chacina	0.5770000000000001
chaleira	0.07200000000000001
chama	1.87
chamada	1.8030000000000002
chaminé	0.5670000000000001
chantagem	0.96
chão	1.651
chapa	0.703
chapéu	1.17
charme	0.774
charrete	0.07
charuto	0.47
chave	1.3659999999999999
chávena	0.41100000000000003
chefe	2.225
chefia	1.301
chegada	1.849
cheio	1.5290000000000001
cheiro	1.2690000000000001
cheiroso	0.131
cheque	1.196
cherne	0.2
chicharro	0.09300000000000001
chicória	0.076
chicote	0.368
chimpanzé	0.17600000000000002
chinelo	0.105
chocalho	0.10800000000000001
chocolate	0.723
choque	1.537
chouriço	0.45399999999999996
chumbo	1.1540000000000001
chuva	1.6769999999999998
cicatriz	0.293
ciclista	1.013
ciclo	1.903
ciclone	0.46299999999999997
cidadania	1.171
cidadão	1.6909999999999998
cidade	2.668
ciência	1.681
científico	1.3730000000000002
cientista	0.9740000000000001
cigano	0.787
cigarra	0.166
cigarro	0.9570000000000001
cimeira	1.824
cimento	1.1740000000000002
cineasta	1.368
cinema	2.191
cinto	0.825
cinzeiro	0.295
cinzento	0.9159999999999999
cio	0.203
circo	1.1179999999999999
circuito	1.716
circulação	1.7819999999999998
círculo	1.465
cirurgia	0.902
cirúrgico	0.275
cisne	0.431
citação	0.888
ciúme	0.536
ciumento	0.198
cívico	0.868
civil	2.109
civilização	1.3319999999999999
clã	0.813
clandestino	1.053
clareza	1.109
clarinete	0.644
classe	1.893
cláusula	1.035
cliente	1.473
clima	1.7719999999999998
clímax	0.415
clínica	1.281
clube	2.249
coador	0.023
cobarde	0.469
coberto	1.178
cobertura	1.619
cobra	0.7929999999999999
cobrança	1.139
cocaína	1.327
coche	0.266
coco	0.327
código	1.485
codorniz	0.1
coelho	0.5589999999999999
coerente	1.109
coesão	1.301
cofre	0.7290000000000001
cogumelo	0.20199999999999999
coiote	0.033
coisa	2.436
coito	0.21
cola	0.73
colaboração	1.847
colagem	0.828
colapso	1.103
colchão	0.484
colecção	1.601
colega	1.466
colégio	1.117
cólera	1.015
colete	0.616
colheita	0.991
colher	1.103
colina	0.7390000000000001
colisão	1.109
coliseu	1.16
colmeia	0.17800000000000002
colocação	1.511
colonial	1.247
colóquio	1.392
coluna	1.216
comandante	1.815
comando	1.774
combate	1.972
combinação	1.045
comboio	1.64
combustível	1.264
começo	1.411
comédia	1.32
comemoração	0.9840000000000001
comentário	1.493
comercial	1.979
comerciante	1.13
comércio	1.9809999999999999
cometa	0.757
comício	1.374
cómico	0.8029999999999999
comida	1.3840000000000001
comissão	2.356
comissário	1.58
cómoda	0.531
compacto	0.75
companheiro	1.3530000000000002
comparação	1.411
compatível	0.996
compatriota	1.176
competência	1.556
competente	1.033
competição	1.854
competitivo	1.079
completo	1.5919999999999999
complexidade	1.149
complexo	1.65
complicado	1.351
componente	1.4469999999999998
composição	1.5619999999999998
compota	0.14800000000000002
compra	1.935
compreensão	1.344
comprimento	1.393
comprimido	0.519
compromisso	1.75
comprovativo	0.386
computador	1.64
comum	2.06
comunicação	2.127
comunidade	2.205
comunismo	1.253
comunista	1.845
comunitário	1.545
conceito	1.652
concelho	2.306
concentração	1.714
concentrado	0.9109999999999999
concerto	1.8940000000000001
concessão	1.61
concha	0.5920000000000001
conclusão	1.893
concorrência	1.795
concorrente	1.2209999999999999
concreto	1.4369999999999998
concurso	2.046
conde	1.133
condenação	1.364
condição	1.761
condor	0.105
condução	1.4180000000000001
conduta	1.2830000000000001
condutor	1.425
conferência	2.207
confiança	1.974
confiante	1.2790000000000001
confidencial	0.654
conflito	1.9669999999999999
confortável	1.077
conforto	1.182
confronto	1.633
confusão	1.617
confuso	0.804
congelador	0.217
congresso	2.145
congro	0.078
conhecido	1.966
conhecimento	2.019
cônjuge	0.462
conjunto	2.326
conquista	1.555
consciência	1.8559999999999999
conselho	2.088
consenso	1.629
consequência	1.7830000000000001
consideração	1.3230000000000002
considerável	1.235
consolado	0.155
constituição	1.969
construção	2.471
construtor	1.189
consulado	1.023
consulta	1.5859999999999999
consultório	0.634
consumo	1.9609999999999999
conta	2.509
contacto	1.8219999999999998
contagem	1.222
contaminação	1.082
contenda	0.623
contente	1.235
contestação	1.5290000000000001
conteúdo	1.6269999999999998
contexto	1.714
continência	0.19399999999999998
continente	1.68
continuação	1.459
conto	1.226
contorno	0.46399999999999997
contradição	1.1540000000000001
contrário	2.287
contraste	1.222
contratação	1.335
contratempo	0.43
contrato	2.052
controlador	0.401
controlo	2.093
conveniente	1.022
convento	1.14
convergência	1.4469999999999998
conversa	1.761
convicção	1.579
convicto	1.111
convidado	1.547
convite	1.71
convívio	1.308
cooperação	1.944
coordenação	1.465
cópia	1.169
copo	1.141
cor	1.7890000000000001
coração	1.869
coragem	1.554
corajoso	0.581
coral	0.746
corda	1.074
cordeiro	0.41600000000000004
cordel	0.349
coreografia	1.013
corneta	0.107
coro	1.3659999999999999
coroa	1.216
coronel	1.212
corpo	2.165
corpulento	0.2
correcção	1.222
correcto	1.229
corredor	1.385
correia	0.488
correio	1.275
corrente	1.8459999999999999
corrida	1.9609999999999999
corrupção	1.746
corrupto	0.514
corte	1.7109999999999999
cortejo	1.099
cortesia	0.605
córtex	0.166
cortiça	0.812
coruja	0.171
corvo	0.6859999999999999
costa	1.5659999999999998
costas	1.632
costume	1.307
costureiro	0.35600000000000004
cotovelo	0.391
cotovia	0.41700000000000004
couve	0.41100000000000003
coxa	0.6629999999999999
cozinha	1.3869999999999998
cozinheiro	0.594
crachá	0.07400000000000001
crânio	0.618
cratera	0.56
cravo	0.647
crédito	1.795
credor	0.6759999999999999
crença	0.9790000000000001
crepe	0.107
crepúsculo	0.5589999999999999
crescimento	2.17
cretino	0.105
criado	1.749
criador	1.137
criança	1.851
criatividade	1.145
criatura	0.738
crime	1.9680000000000002
criminal	1.252
criminoso	0.973
crise	2.239
crista	0.45799999999999996
cristal	0.799
cristaleira	0.054000000000000006
cristianismo	1.057
critério	1.3969999999999998
crítica	1.845
crítico	1.536
crocodilo	0.47600000000000003
crónica	1.162
cronómetro	0.275
croquete	0.042
crosta	0.345
crucial	1.125
cruel	1.04
cruzamento	1.325
cruzeiro	0.9470000000000001
cuco	0.149
cuidado	1.574
cuidadoso	0.47200000000000003
culpa	1.608
culpado	1.067
culto	1.4609999999999999
cultura	2.345
cultural	2.082
cumplicidade	1.15
cunha	0.46299999999999997
cupão	0.9670000000000001
cúpula	0.809
cura	1.06
curioso	1.413
currículo	1.1159999999999999
curso	2.125
curto	1.819
curva	1.146
custo	1.756
cutelo	0.20800000000000002
dado	2.265
dália	0.1
dama	0.872
damasco	0.23600000000000002
dança	1.758
dano	0.581
data	2.16
debate	2.249
débil	0.722
década	1.9140000000000001
decadência	0.973
decente	0.59
decisão	2.477
decisivo	1.51
declaração	1.875
declínio	1.064
declive	0.409
decoração	1.073
decreto	1.4140000000000001
decurso	1.146
dedal	0.07200000000000001
dedicado	1.5859999999999999
dedo	1.254
defeito	0.9740000000000001
defensivo	0.902
defensor	1.18
defesa	2.421
défice	1.705
deficiência	0.903
deficiente	1.127
definição	1.7269999999999999
degradação	1.469
delegação	1.839
delegado	1.492
deleite	0.395
delgado	0.616
delicado	0.9259999999999999
delicioso	0.48100000000000004
delírio	0.9179999999999999
delito	0.946
demente	0.221
demissão	1.821
democracia	2.004
democrata	1.311
demolição	1.112
demónio	0.619
demonstração	1.2109999999999999
demora	1.219
densidade	1.035
denso	0.595
dente	0.69
dentista	0.473
denúncia	1.357
departamento	1.632
dependência	1.392
dependente	1.431
depoimento	1.097
depósito	1.251
depressão	0.993
deprimido	0.428
deputado	2.031
derrota	1.88
derrotado	1.324
desafio	1.734
desagradável	0.892
desajeitado	0.061
desanimado	0.29100000000000004
desastre	1.367
desastroso	0.622
desavença	0.212
descanso	1.218
descarado	0.305
descarga	0.951
descida	1.694
desconfiado	0.531
desconfiança	1.28
descontente	0.76
desconto	1.1059999999999999
descontraído	0.565
descrição	1.127
desculpa	1.24
desdém	0.51
desdenhoso	0.13699999999999998
desejo	1.8019999999999998
desempenho	1.432
desemprego	1.9669999999999999
desenhador	0.687
desenho	1.5419999999999998
deserto	1.306
desertor	0.258
desesperado	0.7929999999999999
desespero	1.3219999999999998
desfavorável	0.97
desfecho	1.297
desfiladeiro	0.16699999999999998
desfile	1.3030000000000002
desgaste	1.064
desgosto	0.807
desgraça	1.2009999999999998
designação	1.444
desigualdade	0.8220000000000001
desilusão	1.05
desleal	0.687
deslocação	1.59
desocupado	0.239
desordenado	0.36700000000000005
despedida	1.143
despedimento	1.17
desperdício	0.716
despesa	1.265
despido	0.415
desportivo	1.5519999999999998
desporto	2.022
desprezo	1.022
destemido	0.25
destino	1.9069999999999998
destreza	0.44
destruição	1.591
desvantagem	1.101
desvio	1.287
detalhe	0.779
detenção	1.501
detido	1.587
deus	1.13
dever	1.564
devoção	0.826
dia	3.012
diabo	1.2009999999999998
diálogo	1.944
diamante	0.523
diário	1.8090000000000002
dica	0.212
diferença	1.955
diferente	2.079
difícil	2.283
dificuldade	1.7519999999999998
difusão	1.219
dígito	0.146
dignidade	1.557
digno	1.078
dilúvio	0.42700000000000005
dimensão	1.922
dinâmica	1.406
dinâmico	0.8059999999999999
dinamismo	1.0170000000000001
dinastia	0.843
dinheiro	2.3609999999999998
dinossauro	0.721
diocese	1.097
dióspiro	0.004
diploma	1.683
diplomacia	1.4609999999999999
diplomata	1.307
direcção	2.425
directo	1.8130000000000002
director	2.319
direita	2.017
direito	2.39
dirigente	2.036
disciplina	1.5390000000000001
discípulo	0.6759999999999999
disco	1.911
discoteca	1.2930000000000001
discreto	1.0979999999999999
discurso	2.109
discussão	2.06
disforme	0.23399999999999999
disparate	0.78
disparo	0.818
disponível	1.6669999999999998
disposição	1.692
dispositivo	1.151
disputa	1.5530000000000002
dissidente	0.8909999999999999
distância	1.835
distante	1.2670000000000001
distinção	1.261
distinto	0.669
distribuição	1.913
distrito	1.993
ditado	0.7809999999999999
ditador	1.064
ditadura	1.391
ditongo	0.040999999999999995
divã	0.268
divergência	0.877
diversão	0.902
diversidade	1.3030000000000002
divertido	0.986
dívida	1.8159999999999998
divino	0.8059999999999999
divisa	1.04
divisão	1.893
divórcio	1.126
divulgação	1.7730000000000001
doce	1.251
docente	1.319
documento	2.193
doença	1.96
doente	1.598
dogma	0.515
doido	0.589
dólar	1.765
doloroso	0.767
dom	1.3130000000000002
domicílio	0.784
dominado	1.148
dominante	1.3159999999999998
domingo	2.1919999999999997
domínio	1.9369999999999998
doninha	0.067
dono	1.446
dor	1.52
dose	1.1640000000000001
dourada	0.792
dourado	0.6970000000000001
doutor	1.218
doutrina	1.136
dragão	0.607
drama	1.422
dramático	1.101
droga	1.949
drogado	0.212
dromedário	0.059000000000000004
dúbio	0.20199999999999999
duelo	1.153
dueto	0.59
duque	0.873
duração	1.584
duro	1.5290000000000001
dúvida	1.9369999999999998
duvidoso	0.863
dúzia	1.492
ecológico	0.951
económico	1.9809999999999999
economista	1.199
ecossistema	0.55
ecrã	1.389
edição	2.285
edifício	2.077
editor	1.548
editora	1.49
edredão	0.037000000000000005
educação	2.226
educado	0.653
educador	0.321
educativo	1.176
efectivo	1.258
efeito	2.11
eficácia	1.6569999999999998
eficaz	1.6159999999999999
eficiência	1.121
eficiente	0.986
ego	0.579
egoísta	0.545
eixo	1.318
electricista	0.46
eléctrico	1.2229999999999999
elefante	0.725
elegante	0.978
eleição	1.702
eleitor	0.757
eleitorado	1.511
eleitoral	2.1180000000000003
elemento	1.784
elenco	1.324
elevação	0.993
elevador	0.8420000000000001
elite	1.196
elogio	1.061
embaixada	1.4609999999999999
embaixador	1.607
embalagem	0.851
embaraçado	0.44
embarcação	1.141
embargo	1.4240000000000002
embate	1.028
embraiagem	0.24100000000000002
embrião	0.826
emergência	1.5490000000000002
emigração	1.181
emissão	1.699
emoção	1.4069999999999998
emocional	1.03
empate	1.624
empenhado	1.065
empenho	1.301
empregado	0.8059999999999999
emprego	2.056
empreitada	1.1840000000000002
empresa	2.668
empresário	1.712
empréstimo	1.466
encanto	0.894
encargo	0.738
encéfalo	0.083
encenação	1.507
encenador	1.294
encerramento	1.791
encontro	2.464
endereço	0.7709999999999999
endinheirado	0.078
energia	1.88
enérgico	0.451
enfadonho	0.16699999999999998
enfarte	0.44799999999999995
enfermagem	0.871
enfermaria	0.531
enfermeiro	0.631
enfermidade	0.294
enferrujado	0.105
enfurecido	0.183
engano	0.9990000000000001
engenheiro	1.43
engenho	1.038
engraçado	0.746
engrenagem	0.51
enguia	0.21899999999999997
enjoado	0.092
enorme	1.965
ensaio	1.393
enseada	0.215
ensinamento	0.268
ensino	2.238
entediante	0.152
entendimento	1.565
enterro	0.733
entidade	1.735
entrada	2.282
entrega	1.754
entrevista	1.976
entusiasmado	0.726
entusiasmo	1.4809999999999999
envelope	0.664
envergonhado	0.512
envio	1.3430000000000002
enxada	0.37799999999999995
enxame	0.273
enxaqueca	0.19399999999999998
epidemia	1.018
episódio	1.55
época	2.3169999999999997
equilíbrio	1.6440000000000001
equipa	2.6489999999999996
equipamento	1.8219999999999998
equívoco	0.89
erótico	0.522
errado	1.136
erro	1.726
erudito	0.445
esboço	0.753
escada	0.995
escala	1.67
escalada	1.109
escalão	1.192
escândalo	1.4980000000000002
escanzelado	0.035
escaravelho	0.121
escasso	0.885
escavação	0.58
escoamento	0.943
escola	2.3
escolar	1.5959999999999999
escolha	2.008
escolta	0.598
escorbuto	0.121
escorpião	0.298
escotilha	0.163
escova	0.32
escravidão	0.389
escravo	0.593
escrita	1.7209999999999999
escritor	1.7690000000000001
escritório	1.288
escriturário	0.17600000000000002
escrivaninha	0.139
escudo	1.643
escultor	0.953
escultura	1.2930000000000001
escumalha	0.09300000000000001
escuro	1.133
esfera	1.143
esfomeado	0.139
esforço	1.913
esgoto	0.647
esmagador	0.45
esófago	0.177
espacial	1.38
espaço	2.4819999999999998
espada	0.9990000000000001
espadarte	0.187
espanador	0.015
espanhol	2.012
espantado	0.61
espanto	1.163
espantoso	0.833
espargo	0.033
esparguete	0.17600000000000002
especial	2.168
espécie	2.096
espectacular	1.275
espectáculo	2.1959999999999997
espectador	1.36
especulação	1.133
espelho	1.246
espera	2.289
esperança	1.825
esperto	0.414
espesso	0.506
espinafre	0.023
espingarda	0.6920000000000001
espinho	1.317
espírito	1.93
espirituoso	0.102
esplanada	0.9890000000000001
esponja	0.41700000000000004
espora	0.039
esposa	1.196
esposo	0.369
espuma	0.695
esquadra	1.3619999999999999
esquecimento	1.0759999999999998
esquelético	0.085
esquema	1.446
esquilo	0.092
esquina	0.9490000000000001
esquisito	0.515
essência	1.088
essencial	1.835
estábulo	0.18
estaca	0.596
estação	2.011
estádio	1.69
estado	2.79
estágio	1.297
estagnado	0.258
estaladiço	0.044000000000000004
estaleiro	0.934
estante	0.525
estatal	1.3880000000000001
estatística	0.9570000000000001
estátua	1.101
estatuto	1.911
estável	1.238
esterco	0.19899999999999998
esteróide	0.052000000000000005
estética	1.296
estilo	1.83
estimativa	0.968
estímulo	1.001
estômago	0.948
estrada	1.973
estrago	0.195
estrangeiro	1.9080000000000001
estranho	1.569
estratagema	0.451
estratégia	2.083
estreia	1.8940000000000001
estrela	1.6440000000000001
estridente	0.324
estrondo	0.591
estrume	0.301
estrutura	2.0780000000000003
estudante	1.421
estúdio	1.369
estudo	2.259
estúpido	0.271
esturjão	0.069
etapa	1.784
eterno	1.062
ética	1.35
ético	0.7609999999999999
etnia	1.071
étnico	0.696
eucalipto	0.5920000000000001
eufórico	0.486
europeu	2.133
evento	1.482
eventual	1.8619999999999999
evidência	1.314
evidente	1.8459999999999999
evolução	2.017
exacto	1.012
exame	1.3969999999999998
excelência	1.2590000000000001
excelente	1.804
excepção	1.847
excepcional	1.265
excessivo	1.1340000000000001
excesso	1.567
excitação	0.7390000000000001
excitado	0.299
exclusão	1.411
excremento	0.037000000000000005
excursão	0.578
execução	1.796
executivo	2.147
exemplar	1.393
exemplo	2.551
exercício	1.916
exército	1.992
exibição	1.619
exigência	1.5090000000000001
exílio	1.222
existência	2.15
existente	1.683
êxito	1.788
expansão	1.5730000000000002
expectativa	1.589
experiência	2.1
explicação	1.5959999999999999
exploração	1.8430000000000002
explosão	1.594
explosivo	0.75
exportação	1.252
exposição	2.231
expressão	1.9409999999999998
expressivo	0.7
expresso	1.218
expulsão	1.34
êxtase	0.578
extensão	1.585
extenso	0.943
exterior	1.797
externo	1.193
extinção	1.38
extremidade	0.574
fã	0.522
fábrica	1.8219999999999998
fabricante	1.005
fabrico	1.344
fábula	0.6409999999999999
fabuloso	0.86
faca	1.043
face	2.325
fachada	1.112
facial	0.307
fácil	2.043
facilidade	1.403
facto	2.7310000000000003
factor	1.67
factura	1.1179999999999999
faculdade	1.287
fadiga	0.713
fado	1.389
faia	0.212
faisão	0.158
faísca	0.32
faixa	1.44
falcão	0.795
falência	1.386
falha	1.2570000000000001
falhado	0.992
falhanço	0.9890000000000001
falido	0.373
falso	1.3090000000000002
falta	2.503
fama	1.275
família	2.27
familiar	1.6580000000000001
faminto	0.17300000000000001
famoso	1.449
faneca	0.133
fantasia	1.062
fantasma	1.166
fantástico	1.058
fardo	0.62
farinha	0.978
farmacêutico	0.648
farmácia	0.885
faro	1.474
farol	0.7070000000000001
farolim	0.07200000000000001
fascismo	1.053
fase	2.351
fatal	1.22
fatia	1.187
fatigado	0.276
fato	1.136
favela	0.28600000000000003
favor	2.055
favorito	1.189
fé	1.6380000000000001
febre	1.119
fechado	1.3880000000000001
fecho	1.666
federação	1.766
federal	1.4709999999999999
fedor	0.149
fedorento	0.05
feijão	0.767
feio	0.773
feira	1.837
feitiço	0.461
felicidade	1.271
felino	0.121
feliz	1.614
feminino	1.5590000000000002
fenda	0.39299999999999996
feno	0.248
fenómeno	1.724
feriado	0.366
férias	1.9040000000000001
ferida	1.015
ferido	1.3359999999999999
ferimento	0.47600000000000003
feroz	0.9470000000000001
ferramenta	0.642
ferro	1.636
festa	2.05
festival	1.81
festivo	0.575
fétido	0.12300000000000001
fiança	0.45
fibra	0.77
ficção	1.5130000000000001
ficha	0.94
ficheiro	0.86
fidelidade	1.1740000000000002
fiel	1.3519999999999999
figo	1.06
figura	2.004
figurino	0.8420000000000001
fila	1.2209999999999999
filho	2.025
filme	2.367
filosofia	1.6019999999999999
filtro	0.526
fim	2.688
final	2.7539999999999996
finalidade	1.101
finança	0.447
financeiro	1.814
fino	0.973
fio	1.375
firma	1.329
firmamento	0.423
firme	1.365
fiscal	1.815
fiscalização	1.587
fisco	1.0979999999999999
físico	1.392
fita	1.025
fixação	1.232
flácido	0.040999999999999995
flamingo	0.061
flauta	0.804
flecha	0.669
flexível	0.865
flor	1.156
floresta	1.4
florestal	1.127
fluxo	1.045
foca	0.429
foco	1.143
fogão	0.562
fogo	1.929
foguetão	0.893
foguete	0.38299999999999995
fôlego	1.078
folha	1.296
folheto	0.789
folho	0.021
fome	1.629
fonte	2.184
força	2.299
forçado	1.129
forma	2.842
formação	2.298
formal	1.525
formato	1.275
formiga	0.431
formoso	0.382
fórmula	1.6669999999999998
fornecimento	1.315
forno	1.036
forte	2.274
fortuna	1.169
fórum	1.6019999999999999
fotografia	1.696
fotográfico	0.763
fotógrafo	1.0979999999999999
fracasso	1.35
fraco	1.347
fragância	0.008
frágil	1.178
fragmento	0.615
francês	2.1830000000000003
franco	1.204
franja	0.489
fraqueza	1.0290000000000001
frasco	0.475
frase	1.6019999999999999
fraude	1.285
freira	0.5
frenético	0.504
frente	2.537
frequência	1.545
frequente	1.219
fresco	1.147
frigideira	0.34600000000000003
frigorífico	0.7
frio	1.534
fronteira	1.7790000000000001
frota	1.337
frouxo	0.266
frustração	0.992
frustrado	0.616
fruta	1.03
fruto	1.405
fuga	1.6840000000000002
fugidio	0.136
fumo	1.2570000000000001
funcionário	1.604
fundação	1.617
fundamental	1.876
fundamento	1.165
fundo	2.2159999999999997
funeral	1.1340000000000001
fungo	0.259
funil	0.273
furacão	0.5670000000000001
furão	0.07
furgão	0.16
fúria	1.097
furioso	0.7020000000000001
furto	1.097
fusão	1.4669999999999999
futebol	2.362
futebolista	1.2329999999999999
futuro	2.431
fuzil	0.048
gado	1.288
gafanhoto	0.085
gaio	0.067
gaiola	0.466
gaivota	0.27399999999999997
gala	0.9309999999999999
galé	0.095
galeria	1.4509999999999998
galinha	0.8220000000000001
galinhola	0.033
galo	0.6609999999999999
gama	0.301
gancho	0.3
ganga	0.5760000000000001
gangrena	0.24600000000000002
ganho	1.516
ganso	0.196
garantia	1.716
garfo	0.371
garganta	0.875
garnisé	0.015
garoupa	0.177
garrafa	1.058
gasolina	1.351
gasto	1.095
gástrico	0.113
gato	1.08
gatuno	0.16
gaveta	0.9309999999999999
gavião	0.267
gazela	0.12300000000000001
gel	0.366
gelado	0.665
gelatina	0.276
geleia	0.19399999999999998
geleira	0.033
gelo	1.156
gémeo	0.40700000000000003
gene	1.077
género	1.815
generoso	0.851
genial	0.9179999999999999
génio	1.226
gente	2.34
gentil	0.625
genuíno	0.68
geração	1.7480000000000002
geral	2.438
germes	0.24600000000000002
gestão	2.228
gesto	1.579
gestor	1.232
gigante	1.28
ginasta	0.271
ginja	0.042
girafa	0.154
girassol	0.445
giro	0.546
giz	0.245
glaciar	0.27
global	1.925
glória	1.306
goiaba	0.023
golfe	1.34
golfinho	0.364
golo	2.02
golpe	1.694
goraz	0.09
gordo	0.738
gordura	0.745
gorila	0.19899999999999998
gótico	0.353
governação	1.12
governador	1.78
governante	1.31
governo	2.929
gozo	0.996
graça	1.465
gráfico	1.035
gralha	0.33
granada	0.843
grande	2.909
grandeza	1.155
grandioso	0.546
granito	0.836
grão	0.8320000000000001
gratidão	0.6859999999999999
grato	0.524
gratuito	0.943
grau	1.632
gravata	0.894
grave	1.949
gravidade	1.469
gravidez	1.254
gravilha	0.151
gravura	0.6729999999999999
graxa	0.145
grelha	1.246
grelhador	0.076
greve	1.983
grilo	0.442
grito	1.13
groselha	0.059000000000000004
grosseiro	0.489
grosso	1.105
grupo	2.734
guarda	1.815
guerra	2.484
guerrilha	1.3630000000000002
gueto	0.418
guia	1.3219999999999998
guião	0.802
guilhotina	0.284
guincho	0.5770000000000001
guitarra	1.385
guloso	0.191
habilidade	0.8959999999999999
habilidoso	0.22899999999999998
habitação	1.81
habitante	0.9329999999999999
hábito	1.341
habitual	1.7630000000000001
hambúrguer	0.008
harpa	0.505
haxixe	1.085
helicóptero	1.194
herança	1.35
herdeiro	1.052
hereditário	0.233
hérnia	0.21
herói	1.402
heróico	0.556
heroína	1.443
hesitante	0.523
hidroavião	0.107
hiena	0.29600000000000004
hierarquia	1.268
higiene	1.169
higiénico	0.426
hino	1.052
hipocrisia	1.071
hipopótamo	0.16
hipótese	2.092
história	2.512
histórico	1.8159999999999998
homem	2.506
homenagem	1.673
homicida	0.247
homicídio	1.3630000000000002
honesto	0.7879999999999999
honra	1.65
hóquei	1.1840000000000002
hora	2.3369999999999997
horário	1.558
horizontal	0.774
horizonte	1.421
horror	1.145
horta	0.963
hortaliça	0.21100000000000002
hortelã	0.281
hospedeiro	0.336
hospital	2.023
hostil	0.8809999999999999
hostilidade	0.852
hotel	1.704
humanidade	1.4480000000000002
humanitário	0.8290000000000001
humano	1.6980000000000002
humidade	0.997
húmido	0.612
humilde	0.893
humor	1.516
humorístico	0.327
iate	0.9590000000000001
idade	2.051
ideal	1.6030000000000002
ideia	2.396
identidade	1.733
ideologia	1.186
idiota	0.449
ídolo	0.725
idoso	0.7490000000000001
ignorância	1.155
igreja	2.049
igual	1.87
igualdade	1.581
iguana	0.048
iguaria	0.16899999999999998
ilegal	1.53
ilha	1.8619999999999999
ilícito	0.723
ilimitado	0.489
ilusão	1.178
ilustre	0.892
imagem	2.238
imaturo	0.107
imbecil	0.34
imediato	1.412
imenso	1.422
imigrante	0.5379999999999999
iminente	1.0490000000000002
imoral	0.564
imortal	0.6940000000000001
imóvel	1.413
impaciente	0.517
impacto	1.577
imparável	0.815
imparcial	0.5489999999999999
impensável	0.922
imperador	1.048
imperativo	0.494
imperdoável	0.5329999999999999
império	1.59
importação	1.272
importância	2.12
importante	2.4019999999999997
impossível	1.821
imposto	1.629
impostor	0.129
impotente	0.7140000000000001
impraticável	0.503
imprensa	2.336
impressão	1.462
imprevisto	0.57
imprudente	0.27699999999999997
impulso	1.176
imundice	0.019
imundo	0.20600000000000002
imunidade	0.85
inato	0.171
inauguração	1.632
incapaz	1.2790000000000001
incêndio	1.726
incentivo	1.018
incerteza	1.109
incessante	0.583
inchaço	0.154
incidência	1.237
inclinação	0.777
inclinado	0.581
incoerente	0.37200000000000005
incómodo	0.988
incompetente	0.5579999999999999
incompleto	0.541
inconsciente	0.831
inconstante	0.284
incorrecto	0.575
incrível	1.084
indefeso	0.251
indemnização	1.442
independente	1.788
indicação	1.2930000000000001
indicador	1.2770000000000001
índice	2.095
indício	0.773
indiferença	1.172
indiferente	1.199
índio	0.593
indiscreto	0.166
indivíduo	1.656
indolente	0.136
indústria	2.046
industrial	1.861
infalível	0.44299999999999995
infância	1.545
infantário	0.5770000000000001
infante	0.8640000000000001
infecção	1.08
infeliz	1.113
inferior	1.694
inferno	1.167
infiel	0.327
inflamado	0.365
influência	1.837
informação	2.333
ingénuo	0.693
íngreme	0.325
início	2.504
inimigo	1.406
injusto	0.9670000000000001
inocência	1.1320000000000001
inocente	1.16
inovação	1.262
inquérito	1.962
inquieto	0.606
insecto	0.415
inseguro	0.47
insípido	0.17300000000000001
insolente	0.29
inspecção	1.288
inspiração	1.329
inspirado	1.014
instalação	1.913
instantâneo	0.385
instável	0.8270000000000001
instituição	2.044
instituto	1.6440000000000001
instrução	1.328
insucesso	1.0290000000000001
insuficiente	1.263
insulto	0.725
intelecto	0.214
intelectual	1.3769999999999998
inteligência	1.348
intenção	1.974
intensidade	1.34
intensivo	0.545
intenso	1.271
interesse	2.177
interesseiro	0.12300000000000001
interior	2.1519999999999997
interlocutor	1.021
intermédio	1.147
interminável	0.752
interno	1.635
intérprete	1.166
intervalo	1.629
intervenção	2.314
intestino	0.45399999999999996
íntimo	0.951
intrometido	0.079
intruso	0.348
inundação	0.527
inútil	1.099
invasão	1.429
invasor	0.382
inveja	0.968
inverno	1.554
investigação	2.0909999999999997
investimento	2.181
invulgar	0.9940000000000001
ioga	0.386
iogurte	0.292
ira	0.774
irmão	1.683
ironia	1.341
irónico	0.8640000000000001
irritado	0.7170000000000001
isco	0.36200000000000004
isenção	1.176
isqueiro	0.35700000000000004
italiano	1.8659999999999999
item	0.485
itinerário	0.38299999999999995
jaguar	0.355
janela	1.421
jangada	0.34700000000000003
jantar	1.706
jardim	1.732
jardineiro	0.364
jarro	0.203
javali	0.37
jazz	1.72
jeito	2.147
jipe	0.818
joaninha	0.298
joelho	1.0090000000000001
jogada	1.251
jogador	2.022
jogo	2.6060000000000003
jóia	0.773
jornada	2.03
jornal	2.253
jornalista	1.909
jovem	2.168
jovial	0.34600000000000003
judaico	0.915
judeu	1.143
juiz	1.858
juízo	1.1340000000000001
junta	1.796
júri	1.585
jurista	1.008
juro	1.885
justiça	2.121
justificação	1.3730000000000002
justo	1.368
juvenil	1.183
juventude	1.7080000000000002
kiwi	0.192
labareda	0.188
lábio	0.353
laboral	1.2670000000000001
laboratório	1.3719999999999999
laço	0.615
lacuna	0.748
lado	2.755
ladrão	0.835
lagartixa	0.035
lagarto	0.335
lago	1.093
lagoa	0.991
lagosta	0.47
lagostim	0.163
lágrima	0.515
lama	1.067
lamacento	0.09699999999999999
lamentável	1.084
lâmina	0.5539999999999999
lâmpada	0.542
lampreia	0.546
lança	1.459
lançamento	1.8719999999999999
lancha	0.5479999999999999
lanterna	0.55
lápis	0.75
lar	1.248
laranja	1.072
lareira	0.636
largo	1.594
largura	1.048
larva	0.188
lascivo	0.085
lata	0.924
lateral	1.062
lazer	1.266
leal	0.893
lealdade	0.838
leão	0.8909999999999999
lebre	0.654
lectivo	1.423
legal	1.749
legenda	0.846
legião	0.645
legislação	1.89
legislativo	1.1
lei	2.489
leilão	1.401
leite	1.439
leitor	1.54
leitura	1.8619999999999999
lenço	0.825
lenda	1.151
lento	1.195
leopardo	0.275
lepra	0.423
lesão	1.361
lésbica	0.24600000000000002
lesma	0.126
letra	1.284
levedura	0.184
libélula	0.027000000000000003
liberal	1.396
liberdade	2.114
libertação	1.608
libertador	0.377
libra	1.189
licença	1.45
licenciado	0.723
licor	0.371
líder	2.444
liderança	1.89
liga	1.881
ligação	1.9980000000000002
ligadura	0.07200000000000001
ligeiro	1.354
lima	0.149
limão	0.723
limitação	1.071
limite	1.71
limpeza	1.6
lince	0.337
lindo	0.747
língua	1.9409999999999998
linguado	0.371
linguagem	1.665
linha	2.2159999999999997
líquido	1.3880000000000001
lírio	0.289
liso	0.34
lista	2.228
literário	1.081
litoral	1.396
litro	0.9309999999999999
livraria	0.9640000000000001
livre	2.011
livro	2.258
lixeira	1.0859999999999999
lixo	1.617
lobo	0.7809999999999999
local	2.642
localidade	1.557
localização	1.5230000000000001
lodo	0.55
lógico	0.958
loiro	0.401
loja	1.4809999999999999
longo	2.374
lontra	0.256
lotaria	0.726
louco	0.978
loucura	1.151
lua	1.34
lúcido	0.473
lucrativo	0.517
lucro	1.331
lúdico	0.649
lugar	2.654
lula	0.1
lume	1.089
luminoso	0.71
luta	2.266
luva	0.64
luxo	1.42
luz	2.1630000000000003
maçã	0.627
macaco	0.638
maçaneta	0.052000000000000005
maçarico	0.166
machado	0.857
macho	0.535
maciço	0.7909999999999999
macio	0.43200000000000005
madeira	1.58
madrugada	1.771
mãe	2.03
maestro	1.347
mágico	0.9359999999999999
magistral	0.513
magnético	0.598
magnífico	0.981
magro	0.7879999999999999
maionese	0.309
maior	2.7510000000000003
mala	0.934
malabarismo	0.256
malandro	0.41200000000000003
malária	0.645
maldito	0.5710000000000001
malévolo	0.098
malícia	0.424
malicioso	0.215
malmequer	0.105
maluco	0.313
malvado	0.24600000000000002
mama	0.787
mamilo	0.05
mancha	1.05
mandatário	0.725
mandato	1.9240000000000002
mandrião	0.039
maneira	2.1630000000000003
manequim	0.442
manga	0.81
manhã	2.26
manhoso	0.163
maníaco	0.21100000000000002
manifestação	1.7630000000000001
manifesto	1.235
manobra	1.412
mansão	0.609
manso	0.45399999999999996
manteiga	0.9590000000000001
manual	1.047
mão	2.1719999999999997
mapa	1.423
maqueta	0.519
máquina	1.706
mar	2.103
maracujá	0.09
maravilhado	0.317
marca	1.9609999999999999
marcador	1.391
marceneiro	0.226
marcha	1.574
maré	1.081
margem	1.903
maricas	0.207
marido	1.694
marmelo	0.085
marmota	0.027000000000000003
marreta	0.054000000000000006
martelo	0.8079999999999999
máscara	0.941
mascote	0.48200000000000004
massa	1.569
massacre	1.426
mastro	0.68
mata	1.401
matemática	1.29
matéria	2.161
material	1.9240000000000002
matraca	0.092
matriz	0.972
mau	1.902
máximo	1.935
mecânico	0.8490000000000001
mecanismo	1.301
medalha	1.391
média	2.148
mediano	0.268
medicina	1.4280000000000002
médico	1.9280000000000002
medida	2.206
médio	1.804
medo	1.911
medonho	0.324
medroso	0.128
megalómano	0.35
meia	2.011
meio	2.52
mel	0.879
melancia	0.517
melancolia	0.8320000000000001
melão	0.47600000000000003
melga	0.085
melhor	2.685
melhoria	1.6340000000000001
meloa	0.059000000000000004
melodia	0.748
melódico	0.341
melro	0.195
membro	1.946
memória	1.9380000000000002
mendigo	0.34299999999999997
menino	1.224
menor	1.886
mensal	1.27
mental	1.249
mentalidade	1.052
mente	1.138
mentira	1.222
mentiroso	0.503
mercado	2.622
mercadoria	0.84
merenda	0.294
mergulhador	0.292
mérito	1.41
mês	2.4659999999999997
mesa	1.97
mesquinho	0.38
mestre	1.472
meta	1.444
metade	2.024
metal	1.192
método	1.55
metralhadora	0.6559999999999999
metro	1.6769999999999998
milagre	1.2919999999999998
milénio	1.18
milhafre	0.131
milhão	0.961
milhar	0.635
milho	1.068
milícia	0.821
milionário	0.885
militar	2.195
mina	1.121
minhoca	0.171
mínimo	1.95
ministério	1.9340000000000002
ministro	2.637
minoria	1.36
minucioso	0.445
minúsculo	0.506
minuto	1.4909999999999999
miolo	0.654
miséria	1.338
missão	1.945
míssil	0.622
mistério	1.364
misterioso	0.862
místico	0.48200000000000004
mistura	1.4409999999999998
mítico	0.8540000000000001
mito	1.263
miúdo	0.968
mobiliário	1.158
mobilidade	1.038
mochila	0.475
mocho	0.29100000000000004
moda	1.621
modelo	2.045
moderado	1.135
moderno	1.3319999999999999
modesto	1.028
modificação	0.882
modo	2.395
módulo	0.8590000000000001
moeda	1.926
moinho	0.659
mola	0.474
molde	0.759
moldura	0.616
molécula	0.598
momento	2.5269999999999997
monarquia	1.084
monstro	0.927
montanha	1.351
montante	0.904
monte	1.341
moral	1.72
morango	0.23600000000000002
mórbido	0.258
morcego	0.261
mordomo	0.41
moreia	0.059000000000000004
morgue	0.636
morsa	0.021
mortal	1.193
morte	2.3890000000000002
morto	1.735
mosca	0.496
mosquito	0.348
mostarda	0.364
mostra	2.023
mota	0.597
motim	0.574
motivo	1.77
motocicleta	0.09699999999999999
motor	1.567
motorista	1.224
motorizada	0.35600000000000004
móvel	0.981
movimentado	0.5660000000000001
movimento	2.241
muco	0.16899999999999998
mudança	1.969
muleta	0.5
mulher	2.318
multa	1.284
multidão	1.482
múmia	0.27699999999999997
mundial	2.174
mundo	2.636
municipal	1.879
munícipe	0.516
município	1.909
muralha	0.873
murmúrio	0.41100000000000003
muro	1.347
musculado	0.263
músculo	0.478
museu	1.751
musgo	0.298
música	2.41
músico	1.297
mutação	0.743
nabiça	0.025
nabo	0.183
nacional	2.61
naco	0.31
nadador	0.452
namorado	0.7909999999999999
namoro	0.774
narciso	1.004
narcótico	0.09300000000000001
nariz	1.162
nascimento	1.45
natal	1.2109999999999999
natural	2.07
natureza	2.001
náusea	0.258
navalha	0.71
nave	0.9840000000000001
navio	1.53
neblina	0.37799999999999995
necessário	2.178
necessidade	2.279
néctar	0.259
negativo	1.517
negligência	1.053
negociação	1.6019999999999999
negociante	0.442
negócio	1.992
negro	1.722
néon	0.306
nervoso	1.037
neurótico	0.161
neutrão	0.085
neutro	0.596
neve	1.3319999999999999
nevoeiro	0.9540000000000001
ninho	0.69
níquel	0.266
nítido	0.657
nível	2.476
nó	1.2990000000000002
noção	1.3880000000000001
noite	2.573
noiva	0.9109999999999999
nome	2.498
nomeação	1.5330000000000001
norma	1.286
normal	1.7930000000000001
norte	2.1630000000000003
nota	1.932
notável	1.435
notícia	1.911
novela	1.0959999999999999
novo	2.793
nu	1.074
nublado	0.348
nuclear	1.526
núcleo	1.665
nulo	0.9570000000000001
numerário	0.34600000000000003
número	2.6
numeroso	0.654
nupcial	0.233
nuvem	0.927
obediência	0.8140000000000001
obesidade	0.457
obeso	0.154
objectivo	2.366
objecto	1.865
obra	2.437
obsceno	0.36200000000000004
obscuro	0.684
observação	1.412
observador	0.968
observável	0.382
obsessão	0.953
obstáculo	1.192
óbvio	1.42
ocasião	1.7990000000000002
ocaso	0.395
oceano	1.24
ocidental	1.5590000000000002
oco	0.233
óculos	1.117
oculto	0.607
ocupação	1.6740000000000002
ocupado	1.355
ocupante	0.68
ódio	1.235
ofegante	0.258
ofensivo	0.925
oferta	1.791
oficial	2.149
oficina	1.013
ofício	1.168
oficioso	0.486
óleo	1.09
olho	1.314
ombro	1.0290000000000001
onça	0.297
onda	1.5190000000000001
ondulante	0.191
opção	1.86
operador	1.25
opinião	2.326
oportunidade	2.036
oposição	2.254
opositor	0.898
oposto	1.1840000000000002
óptica	1.165
optimismo	1.409
opulento	0.11800000000000001
oração	0.976
orador	0.948
orangotango	0.039
órbita	1.122
orçamento	2.0709999999999997
ordem	2.314
ordenado	1.198
ordenamento	1.347
ordinário	0.506
orelha	0.743
organismo	1.79
organização	2.333
órgão	1.805
orgasmo	0.34299999999999997
orgulho	1.4169999999999998
orgulhoso	0.8190000000000001
orientação	1.574
orientador	0.494
orifício	0.25
origem	2.197
originário	0.596
ornitorrinco	0.017
orquestra	1.554
orquídea	0.105
osso	0.872
ostra	0.11
ouriço	0.081
ouro	1.8659999999999999
outono	1.2790000000000001
ouvido	1.5519999999999998
oval	0.473
ovelha	0.619
ovo	0.92
pá	1.031
paciente	0.925
pacífico	1.0270000000000001
pacote	1.5230000000000001
padeiro	0.366
padrão	1.122
padre	1.794
pagamento	1.985
página	2.108
pai	2.117
painel	1.2830000000000001
país	2.88
paisagem	1.5219999999999998
paixão	1.5590000000000002
palácio	1.4969999999999999
palavra	2.016
palco	1.949
palestra	0.705
palhaço	0.628
pálido	0.603
palma	0.34299999999999997
palmada	0.25
pancada	0.797
panda	0.10300000000000001
pandeireta	0.092
panela	0.556
panfleto	0.603
pânico	1.244
pano	1.3119999999999998
panorâmico	0.315
pântano	0.419
pantera	0.242
pão	1.4669999999999999
papa	1.62
papagaio	0.42100000000000004
papaia	0.061
papel	2.352
papeleira	0.251
papoila	0.184
par	1.8869999999999998
parafuso	0.251
paragem	1.311
paraíso	1.13
paralelo	1.364
paralisia	0.6990000000000001
parâmetro	0.3
parasita	0.47100000000000003
parcela	1.102
pardal	0.253
parede	1.416
pargo	0.134
parlamentar	2.017
parlamento	2.13
paróquia	0.902
parque	1.936
parte	2.926
parteira	0.21899999999999997
participação	2.248
particular	2.0340000000000003
partida	2.168
partido	2.572
páscoa	0.14
passado	2.7439999999999998
passageiro	0.831
passagem	2.0709999999999997
pássaro	0.6970000000000001
passeio	1.43
passivo	1.188
passo	1.979
pasta	1.464
pastelaria	0.5539999999999999
pasteleiro	0.163
pastor	1.055
patente	1.6159999999999999
pateta	0.29600000000000004
pato	0.5920000000000001
patrão	1.367
pátria	1.421
património	1.923
patriota	0.406
patriótico	0.469
patrocínio	1.035
patrono	0.633
patrulha	0.857
pau	0.956
pausa	1.006
pavão	0.204
pavilhão	1.673
paz	2.296
pé	1.954
peça	1.9809999999999999
pecado	1.112
pecaminoso	0.078
peçonha	0.115
pedaço	0.9329999999999999
pedido	2.09
pedra	1.681
pedrado	0.063
pedreira	0.7140000000000001
peito	1.402
peixe	1.604
pele	1.546
pelicano	0.085
pelotão	1.265
pena	2.086
penalidade	1.048
penca	0.039
penedo	0.311
penetrante	0.364
pénis	0.5920000000000001
pensamento	1.567
pensão	1.128
pensativo	0.285
pente	0.59
pepino	0.198
pepita	0.057999999999999996
pequeno	2.063
pêra	0.485
percentagem	1.598
percurso	1.875
perda	1.713
perdão	1.179
perdido	1.722
perdiz	0.375
perfeição	1.06
perfeito	1.319
perfil	1.423
perfume	0.879
pergunta	1.851
perigo	1.9
perigoso	1.348
período	2.376
periquito	0.069
perito	0.8440000000000001
permanência	1.368
perna	1.175
pérola	0.531
persistente	0.922
personagem	1.742
perspectiva	1.839
perspicaz	0.25
perturbação	0.94
peru	0.28300000000000003
pervertido	0.10800000000000001
pesadelo	1.111
pesado	1.347
pesaroso	0.174
pesca	1.569
pescada	0.604
pescador	0.929
pescoço	1.193
peso	2.0
pesquisa	1.6
pêssego	0.21899999999999997
pessimismo	0.966
péssimo	0.7809999999999999
pessoa	2.09
pessoal	2.161
peste	0.816
pétala	0.067
petardo	0.098
petição	1.0759999999999998
petróleo	1.5830000000000002
piada	0.87
piano	1.541
pico	0.96
piedade	0.8759999999999999
pigmeu	0.069
pijama	0.33799999999999997
pila	0.021
pilha	0.44299999999999995
piloto	1.6540000000000001
pimenta	0.9840000000000001
pimento	0.254
pincel	0.424
pinguim	0.09300000000000001
pinhal	0.91
pinheiro	0.779
pinta	0.63
pintainho	0.035
pintassilgo	0.092
pintor	1.435
pintura	1.7830000000000001
piolho	0.11199999999999999
pior	1.9769999999999999
piquete	0.5710000000000001
pirâmide	0.703
piranha	0.098
pirata	0.634
piscina	1.2930000000000001
piso	1.359
pista	1.7009999999999998
pistola	1.181
planeta	1.496
planície	0.7440000000000001
plano	2.34
planta	0.941
plantação	0.721
plasma	0.521
plástico	1.338
plateia	1.237
plenário	1.528
pleno	1.5719999999999998
plural	0.703
pneu	0.5710000000000001
pó	1.218
pobre	1.62
pobreza	1.518
poço	0.934
poder	2.638
poderoso	1.251
podre	0.662
poeira	0.9009999999999999
poema	1.276
poesia	1.6640000000000001
poético	0.81
polar	0.47100000000000003
polegada	0.204
polegar	0.386
polícia	2.335
policial	1.6030000000000002
política	2.847
político	2.311
pólo	1.3119999999999998
poltrona	0.32299999999999995
poluição	1.5
polvo	0.637
pomar	0.489
pomba	0.446
pónei	0.061
ponta	1.547
pontapé	1.088
ponte	1.956
ponto	2.4530000000000003
pontuação	0.735
pontual	0.9109999999999999
popa	0.545
população	2.352
popular	1.97
póquer	0.223
porcaria	0.578
porco	1.062
pormenor	1.489
porta	2.0780000000000003
portagem	1.071
portão	0.825
porteiro	0.625
porto	1.722
português	2.573
pose	0.8320000000000001
posição	2.461
positivo	1.6969999999999998
possível	2.539
posto	1.996
postura	1.4880000000000002
potência	1.443
potente	0.8340000000000001
poupança	1.202
povo	2.211
povoação	1.2009999999999998
pradaria	0.145
praia	1.819
prateleira	0.563
prática	2.134
prático	0.982
prato	1.146
prazer	1.574
prazo	2.271
precipício	0.415
preciso	2.244
preço	2.127
prédio	1.496
prefácio	0.8270000000000001
prego	0.435
preguiçoso	0.252
prejudicial	0.8079999999999999
prejuízo	1.4
prémio	1.8459999999999999
prenda	0.853
preocupação	1.9069999999999998
preocupado	1.528
preparação	1.788
presença	2.332
presente	2.124
presidência	2.074
presidente	2.989
preso	1.534
pressa	1.2429999999999999
pressão	1.9280000000000002
pressuposto	0.45799999999999996
prestação	1.588
prestigiante	0.242
prestígio	1.443
presunçoso	0.055999999999999994
preto	1.426
prévio	1.17
primavera	1.347
primitivo	0.682
principal	2.3280000000000003
príncipe	1.359
princípio	2.228
prioridade	1.584
prisão	2.079
privacidade	0.9179999999999999
privado	1.743
privatização	1.73
privilégio	1.0759999999999998
problema	2.496
problemático	0.589
procedimento	1.286
processo	2.695
procura	2.171
prodigioso	0.40700000000000003
produção	2.329
produto	1.886
proeza	1.0490000000000002
professor	2.006
profissão	1.569
profissional	2.037
profundidade	1.3030000000000002
programa	2.525
progresso	1.466
proibição	1.3969999999999998
projecto	2.653
promessa	1.5830000000000002
promoção	1.7409999999999999
promotor	0.91
pronto	1.642
propaganda	1.462
propenso	0.17300000000000001
propina	0.716
proporção	1.053
proporcional	0.9229999999999999
propósito	1.9669999999999999
proposta	2.425
propriedade	1.709
proprietário	1.609
prosa	0.9390000000000001
prosperidade	0.907
prostituta	0.679
protecção	1.9080000000000001
protegido	0.8959999999999999
proteína	0.797
prova	2.371
provação	0.258
proveito	1.013
proveitoso	0.32
proveta	0.095
província	1.672
provocador	0.43
proximidade	1.324
próximo	2.474
prudente	0.9840000000000001
psicólogo	0.68
publicidade	1.733
público	2.926
pudim	0.345
pugilista	0.401
pulga	0.183
pulmão	0.73
púlpito	0.38799999999999996
pulsação	0.25
pulseira	0.317
pulso	0.848
punhado	0.81
punhal	0.423
punho	0.915
puro	1.334
pus	0.684
putrefacto	0.07
quadra	0.835
quadrado	0.9640000000000001
quadro	2.1430000000000002
qualidade	2.34
quantia	1.23
quantidade	1.696
quartel	1.314
quarto	2.0180000000000002
quebra	1.7169999999999999
quebrado	0.718
queda	1.9609999999999999
queijo	1.104
queimado	0.655
queimadura	0.14300000000000002
queixa	1.751
queixo	0.589
quente	1.4669999999999999
queque	0.08800000000000001
querido	1.014
questão	2.57
quieto	0.46799999999999997
quilate	0.192
quilómetro	1.1440000000000001
químico	0.851
quinta	1.665
rã	0.341
rabanete	0.035
rabo	0.772
raça	1.249
raciocínio	0.98
racional	0.971
racismo	1.33
racista	0.93
radiação	0.848
radiador	0.134
radiante	0.5479999999999999
radical	1.4969999999999999
rádio	1.911
raia	0.544
rainha	1.432
raio	1.079
raiva	0.995
raiz	1.266
rameira	0.021
ramo	1.389
rançoso	0.057999999999999996
rapariga	1.3780000000000001
rapaz	1.541
rapidez	1.215
rápido	1.642
raposa	0.547
rapto	0.9390000000000001
raquete	0.078
raro	1.218
raso	0.302
rasto	0.978
rato	1.064
razão	2.2430000000000003
razoável	1.374
reacção	1.733
real	2.0380000000000003
realidade	2.164
realista	1.127
realização	2.167
realizador	1.675
rebelde	1.015
reboque	0.708
rebuçado	0.21600000000000003
rebuliço	0.145
recado	1.061
receio	1.446
receita	1.472
recente	2.0580000000000003
receoso	0.365
receptivo	0.49200000000000005
rechonchudo	0.052000000000000005
recife	0.134
recinto	1.5130000000000001
recipiente	0.48700000000000004
recital	1.109
reclamação	0.882
recluso	0.264
recolha	1.594
recomendável	0.541
recompensa	0.769
recordação	0.912
recordações	1.077
recreio	1.044
rectangular	0.365
recuperação	2.059
recuperável	0.261
recurso	1.8659999999999999
recusa	1.797
rede	2.1430000000000002
redondo	0.758
redução	2.031
reembolso	0.831
refeito	0.35600000000000004
refém	0.763
referendo	1.966
reflexão	1.6219999999999999
reflexo	0.6759999999999999
reforço	1.825
reforma	2.012
refresco	0.14
refrigerante	0.203
regador	0.067
regata	1.031
região	2.472
regime	2.267
regional	2.017
registo	1.712
regra	1.605
regresso	2.062
régua	0.851
regulamento	1.525
rei	1.815
reino	1.383
reitor	1.354
relação	2.544
relâmpago	0.534
relance	0.382
relato	1.146
relaxado	0.146
relevante	1.216
relevo	1.306
religião	1.5
relíquia	0.44
relógio	1.225
relva	0.996
relvado	1.256
remate	1.4609999999999999
remédio	0.993
remendo	0.177
remoto	0.644
remuneração	1.067
renda	1.101
renovação	1.56
rentável	0.89
repartição	1.1
repetição	1.2429999999999999
repetitivo	0.34
repleto	0.657
réplica	0.953
repolho	0.07400000000000001
reportagem	1.402
repórter	1.0759999999999998
réptil	0.20199999999999999
repugnante	0.423
reserva	1.59
reservado	1.228
reservatório	0.649
resíduo	0.316
resistente	0.659
respectivo	1.507
respeitador	0.27699999999999997
respeitável	0.728
respeito	2.165
respiração	0.946
responsável	2.4459999999999997
resposta	2.263
restante	1.374
restaurante	1.6
resto	2.1590000000000003
restos	1.228
restrito	0.997
resultado	2.311
resultante	1.25
resumo	1.089
retirada	1.6669999999999998
retorno	1.168
retrato	1.422
reunião	2.49
reversível	0.26
revestimento	0.621
revisão	1.92
revista	1.992
revolta	1.453
revólver	0.565
riacho	0.203
ribeiro	0.45799999999999996
rico	1.306
ridículo	1.1179999999999999
rígido	0.779
rigoroso	1.129
rim	0.37200000000000005
rinoceronte	0.308
rio	2.001
riqueza	1.5119999999999998
risco	2.158
riso	1.004
ritmo	1.859
ritual	1.1420000000000001
robalo	0.32799999999999996
robe	0.14300000000000002
rocha	0.907
roda	1.272
rodagem	1.1740000000000002
rola	0.36700000000000005
roldana	0.11199999999999999
rolha	0.37
roliço	0.042
rolo	0.528
romã	0.078
romance	1.6869999999999998
romântico	0.9059999999999999
rombo	0.381
rosa	1.1420000000000001
roseira	0.12300000000000001
rosto	1.6019999999999999
rotina	1.163
roupa	1.4180000000000001
roupão	0.24600000000000002
roupeiro	0.126
rouxinol	0.276
rua	2.089
rude	0.7559999999999999
ruído	1.238
ruidoso	0.371
ruína	0.968
rumo	1.4809999999999999
rural	1.4180000000000001
rústico	0.419
sábado	2.161
sábio	0.747
sabor	1.3219999999999998
sabre	0.23
sacerdote	0.9420000000000001
saco	1.232
sacrifício	1.171
safira	0.09300000000000001
sagaz	0.195
sagrado	1.064
saia	1.04
saída	2.046
sal	1.253
sala	2.123
salada	0.616
salão	1.339
salário	1.474
salgalhada	0.042
saliência	0.247
saliente	0.759
salmão	0.516
salsa	0.79
salsicha	0.151
saltitante	0.139
salvador	0.584
salvamento	0.883
sanção	0.7979999999999999
saneamento	1.4280000000000002
sangrento	0.624
sangue	1.874
sanita	0.27899999999999997
sanitário	1.06
santo	1.264
santuário	1.061
sapateira	0.107
sapateiro	0.44
sapatilha	0.042
sapato	0.5720000000000001
sapo	0.42700000000000005
sarampo	0.322
sarcástico	0.28600000000000003
sardinha	0.965
satisfação	1.4340000000000002
satisfatório	0.556
satisfeito	1.556
saudação	0.698
saudade	1.085
saudável	1.153
saúde	2.332
sável	0.349
saxofone	0.6859999999999999
sé	1.065
sebo	0.228
seca	1.337
secador	0.121
secção	1.788
seco	1.078
secretária	1.445
secretário	2.229
secreto	1.156
sector	2.367
século	2.273
secundário	1.547
seda	0.865
sede	2.074
sedutor	0.43
segredo	1.6059999999999999
segundo	2.9019999999999997
segurança	2.425
seguro	1.643
seio	1.5759999999999998
selo	0.9840000000000001
selvagem	1.014
semana	2.62
semanal	1.163
semelhança	1.594
semente	0.624
semestre	1.525
seminário	1.469
senado	1.3419999999999999
senador	1.075
senhor	2.015
sensação	1.52
sensato	0.49200000000000005
sensual	0.626
sentido	2.494
sentimental	0.8009999999999999
sentimento	1.618
separação	1.347
separado	0.9329999999999999
sepultura	0.72
sequência	2.103
sereno	0.772
série	2.263
seringa	0.599
sério	1.7109999999999999
sermão	0.515
serpente	0.563
serra	1.516
serralheiro	0.39
serrote	0.11199999999999999
serviço	2.349
sessão	2.245
seta	0.43
severo	0.639
sexo	1.614
sexual	1.547
sífilis	0.37799999999999995
significado	1.4980000000000002
sílaba	0.293
silêncio	1.855
silencioso	0.7240000000000001
simbólico	1.1159999999999999
símbolo	1.485
simpático	1.01
simples	2.126
simplicidade	1.043
sinal	1.942
sincero	0.687
sinistro	0.6970000000000001
sino	0.599
sinónimo	0.9159999999999999
síntese	1.297
sintoma	0.82
sintomático	0.6920000000000001
sistema	2.5069999999999997
sistemático	0.81
sítio	1.609
situação	2.735
snobe	0.011000000000000001
soberania	1.5090000000000001
soberbo	0.528
sobrancelha	0.092
sobretudo	2.437
sóbrio	0.55
social	2.548
socialista	2.114
sociável	0.126
sociedade	2.408
soco	0.429
socorro	1.157
sofá	0.727
sofrimento	1.321
soja	0.52
sol	1.8780000000000001
solar	1.16
soldado	1.248
solene	1.1540000000000001
solha	0.126
solicitador	0.32799999999999996
solidão	1.216
sólido	0.804
solitário	0.98
solo	1.6380000000000001
solto	0.655
solução	2.209
soluço	0.177
soma	1.374
sombra	1.62
sonda	0.815
sondagem	1.537
soneto	0.5329999999999999
sonho	1.7519999999999998
sono	1.208
sonoro	0.8909999999999999
sopa	1.178
sorriso	1.4280000000000002
sorte	1.79
sorteio	1.171
sortudo	0.08800000000000001
sossegado	0.512
sótão	0.526
sotaque	0.711
soviético	1.4
sozinho	1.4769999999999999
suave	1.093
subida	1.903
súbito	0.7909999999999999
subjectivo	0.43799999999999994
subjugado	0.17800000000000002
submarino	0.7959999999999999
suborno	0.526
subsídio	1.57
substituição	1.6230000000000002
subterfúgio	0.2
sucesso	2.0469999999999997
suficiente	1.8459999999999999
sugestão	1.239
suicídio	1.262
sujeito	1.446
sujidade	0.436
sujo	0.7609999999999999
sumo	0.8859999999999999
suor	0.8170000000000001
superficial	0.6709999999999999
superfície	1.608
suporte	1.446
supremo	1.034
surdo	0.534
surpreendido	1.254
surpresa	1.819
surto	0.27
suspeita	1.493
suspensão	1.7080000000000002
suspenso	1.281
sustento	0.594
tabaco	1.329
tabela	1.4269999999999998
tabu	0.892
tabuleiro	0.968
taça	1.57
tacho	0.511
táctica	1.139
talento	1.31
talhante	0.048
tamanho	1.3319999999999999
tâmara	0.037000000000000005
tamboril	0.365
tangerina	0.07200000000000001
tango	0.659
tanque	0.825
tapeçaria	0.534
tapete	0.929
tarde	2.531
tardio	0.7020000000000001
tarefa	1.795
tarifa	0.792
tartaruga	0.452
tarte	0.337
tatu	0.031
taxa	2.1959999999999997
táxi	1.046
taxista	0.858
tear	0.353
teatral	1.287
teatro	2.149
tecido	1.29
técnica	1.969
técnico	2.0780000000000003
tecnologia	1.713
tecnológico	1.06
tecto	1.262
tédio	0.5920000000000001
tela	0.972
teleférico	0.41100000000000003
telefone	1.6159999999999999
telefonema	0.995
televisão	2.332
televisor	0.784
telhado	0.97
tema	2.1719999999999997
temeroso	0.2
temperatura	1.347
tempestade	1.159
templo	1.24
tempo	2.88
temporada	1.6440000000000001
temporário	0.87
tendência	1.9340000000000002
ténis	1.476
tenista	1.141
tensão	1.6369999999999998
tenso	0.638
tentativa	1.923
teor	1.274
teoria	1.486
teórico	0.851
térmite	0.004
termo	1.725
termómetro	0.306
terno	0.415
ternura	0.95
terra	2.2969999999999997
terreno	2.1390000000000002
território	2.127
terrível	1.297
terror	1.3130000000000002
terrorista	1.035
tese	1.63
tesoura	0.44
tesouro	1.215
testa	0.858
testemunho	1.34
têxtil	1.255
texto	2.189
textura	0.56
texugo	0.065
tigela	0.371
tigre	0.598
tijolo	0.727
tímido	0.755
tinta	1.045
típico	1.0490000000000002
tipo	2.688
tiro	1.591
titã	0.225
título	2.295
tocha	0.521
toga	0.16399999999999998
tolerância	1.2229999999999999
tolerante	0.5529999999999999
tolo	0.293
tom	1.7790000000000001
tomada	1.952
tomate	0.943
tonelada	0.69
tonto	0.271
topo	1.462
toranja	0.052000000000000005
tornado	1.2429999999999999
torneio	1.649
torneira	0.504
tornozelo	0.375
torradeira	0.067
torre	1.266
torto	0.562
tortura	1.113
tosse	0.523
total	2.372
touro	0.759
tóxico	0.608
toxina	0.22899999999999998
trabalhador	1.284
trabalho	2.763
trabalhoso	0.157
traço	1.0270000000000001
tractor	0.5539999999999999
tradicional	1.8459999999999999
tráfego	1.554
tráfico	1.69
tragédia	1.5
trágico	1.04
traição	1.056
traidor	0.6829999999999999
tralha	0.142
tranquilo	1.069
trânsito	1.8419999999999999
transmissão	1.62
transporte	1.7890000000000001
transtornado	0.17300000000000001
trapaceiro	0.027000000000000003
trapalhão	0.266
traseira	0.774
tratado	1.7469999999999999
tratamento	2.032
trauma	0.529
travessa	0.491
travessia	1.256
travessura	0.054000000000000006
trégua	0.863
treinador	1.9680000000000002
treino	1.653
trenó	0.24600000000000002
tribo	0.8109999999999999
tributo	0.643
triciclo	0.14800000000000002
trincheira	0.335
trio	1.287
tripulação	1.158
tripulante	0.49200000000000005
triste	1.578
tristeza	1.188
triunfante	0.604
triunfo	1.665
troféu	1.172
trólei	0.025
trombeta	0.136
trompete	0.657
trono	1.033
trunfo	1.043
truque	0.648
truta	0.226
tubarão	0.44799999999999995
tubo	0.7440000000000001
tucano	0.028999999999999998
tulipa	0.452
tumor	0.628
turbante	0.23399999999999999
turismo	1.814
turista	0.884
turma	1.14
tutela	1.587
úlcera	0.29100000000000004
último	2.465
umbigo	0.45399999999999996
unânime	0.965
unha	0.425
único	2.265
unidade	1.999
unilateral	0.8320000000000001
universo	1.693
urbanização	1.258
urbano	1.484
urgente	1.504
urina	0.622
urna	0.746
urso	0.517
urtiga	0.025
urze	0.14800000000000002
usado	1.39
utensílio	0.183
útil	1.484
utilitário	0.426
utilização	1.99
utopia	1.0090000000000001
vaca	1.0090000000000001
vacina	1.035
vaga	1.4869999999999999
vagina	0.258
vago	1.004
vaidade	0.7020000000000001
vaidoso	0.306
vaivém	1.0270000000000001
vale	1.9480000000000002
valente	0.8059999999999999
valentia	0.321
válido	1.0170000000000001
valioso	0.8079999999999999
valor	2.428
valorização	1.5719999999999998
vampiro	0.33299999999999996
vândalo	0.069
vantagem	1.9240000000000002
variante	1.235
variável	0.995
variedade	1.123
varíola	0.267
varredor	0.10800000000000001
vaso	0.539
vassoura	0.371
vasto	1.421
vazio	1.423
veado	0.317
vedeta	0.982
vegetal	0.741
vegetativo	0.152
veia	0.612
veículo	1.555
vela	1.218
veleiro	0.8190000000000001
velho	1.945
velocidade	1.851
veloz	0.652
vencedor	1.7630000000000001
venda	2.131
vendedor	1.033
veneno	0.7170000000000001
venenoso	0.26
ventania	0.33899999999999997
vento	1.666
ventre	0.7120000000000001
verão	1.9569999999999999
verba	1.6340000000000001
verbo	0.774
verdade	2.353
verdadeiro	1.815
verde	1.79
vereador	1.979
vergonha	1.3530000000000002
vermelho	1.4709999999999999
versão	2.0340000000000003
verso	0.9570000000000001
vértice	0.45799999999999996
vespa	0.14800000000000002
véspera	1.7269999999999999
vestido	1.128
vestígio	0.49700000000000005
vestuário	1.196
veterano	1.091
veterinário	0.573
vez	2.971
via	2.1719999999999997
viaduto	1.04
viagem	1.9969999999999999
viatura	1.505
viável	1.065
víbora	0.154
viciado	0.556
vida	2.736
vidro	1.383
vigilância	1.495
vigoroso	0.552
vila	1.811
vinho	1.81
viola	1.078
violação	1.5530000000000002
violência	2.006
violento	1.224
violeta	0.452
violino	1.081
violoncelo	0.807
viragem	1.264
virgem	1.0759999999999998
vírgula	0.578
viril	0.33399999999999996
virtude	1.436
visão	1.7890000000000001
visita	2.209
visitante	1.167
vista	2.332
visto	2.033
visual	1.212
vitela	0.552
vítima	1.858
vitória	2.332
vivaz	0.07400000000000001
vivo	1.788
vizinho	1.446
vocação	1.359
vogal	0.794
volante	1.1540000000000001
volta	2.388
volume	1.92
vómito	0.228
vontade	2.153
voo	1.4980000000000002
votação	1.73
voto	2.017
vovó	0.033
voz	2.13
vulcão	0.852
vulgar	1.149
xadrez	1.055
xarope	0.166
xilofone	0.069
zangado	0.6409999999999999
zebra	0.12
zelo	0.8
zona	2.48
